time,load_shortfall_3h
2018-01-01 00:00:00,6913.95
2018-01-01 03:00:00,1902.6129
2018-01-01 06:00:00,-335.70483
2018-01-01 09:00:00,995.19135
2018-01-01 12:00:00,6641.991
2018-01-01 15:00:00,6418.4355
2018-01-01 18:00:00,4233.5503
2018-01-01 21:00:00,7914.568
2018-01-02 00:00:00,8999.496
2018-01-02 03:00:00,3127.2515
2018-01-02 06:00:00,3248.5222
2018-01-02 09:00:00,5199.1123
2018-01-02 12:00:00,7635.3857
2018-01-02 15:00:00,8103.9604
2018-01-02 18:00:00,7193.315
2018-01-02 21:00:00,7568.836
2018-01-03 00:00:00,7944.973
2018-01-03 03:00:00,6652.9253
2018-01-03 06:00:00,3252.3577
2018-01-03 09:00:00,8728.817
2018-01-03 12:00:00,8268.861
2018-01-03 15:00:00,3221.4824
2018-01-03 18:00:00,4812.5806
2018-01-03 21:00:00,6761.471
2018-01-04 00:00:00,7936.7812
2018-01-04 03:00:00,4270.7505
2018-01-04 06:00:00,4217.0273
2018-01-04 09:00:00,3783.4863
2018-01-04 12:00:00,6913.5654
2018-01-04 15:00:00,10829.734
2018-01-04 18:00:00,5191.1963
2018-01-04 21:00:00,7635.334
2018-01-05 00:00:00,11919.344
2018-01-05 03:00:00,5007.339
2018-01-05 06:00:00,-381.13702
2018-01-05 09:00:00,5416.0645
2018-01-05 12:00:00,5390.804
2018-01-05 15:00:00,6241.487
2018-01-05 18:00:00,3627.0422
2018-01-05 21:00:00,5466.069
2018-01-06 00:00:00,7720.015
2018-01-06 03:00:00,3600.796
2018-01-06 06:00:00,3840.2603
2018-01-06 09:00:00,8145.528
2018-01-06 12:00:00,11230.505
2018-01-06 15:00:00,12861.33
2018-01-06 18:00:00,12112.691
2018-01-06 21:00:00,10731.043
2018-01-07 00:00:00,14578.227
2018-01-07 03:00:00,6901.821
2018-01-07 06:00:00,7280.8633
2018-01-07 09:00:00,10452.255
2018-01-07 12:00:00,12488.865
2018-01-07 15:00:00,11718.515
2018-01-07 18:00:00,11730.905
2018-01-07 21:00:00,13902.233
2018-01-08 00:00:00,12381.95
2018-01-08 03:00:00,8603.365
2018-01-08 06:00:00,6906.892
2018-01-08 09:00:00,10030.346
2018-01-08 12:00:00,12764.773
2018-01-08 15:00:00,13296.77
2018-01-08 18:00:00,12021.668
2018-01-08 21:00:00,13270.638
2018-01-09 00:00:00,14172.266
2018-01-09 03:00:00,10132.401
2018-01-09 06:00:00,8413.666
2018-01-09 09:00:00,13269.573
2018-01-09 12:00:00,17650.896
2018-01-09 15:00:00,16392.457
2018-01-09 18:00:00,16835.146
2018-01-09 21:00:00,15765.788
2018-01-10 00:00:00,15330.68
2018-01-10 03:00:00,11474.212
2018-01-10 06:00:00,6984.231
2018-01-10 09:00:00,13434.761
2018-01-10 12:00:00,15353.189
2018-01-10 15:00:00,12282.06
2018-01-10 18:00:00,11112.398
2018-01-10 21:00:00,10060.518
2018-01-11 00:00:00,11871.592
2018-01-11 03:00:00,8204.598
2018-01-11 06:00:00,6773.5835
2018-01-11 09:00:00,7458.436
2018-01-11 12:00:00,9654.043
2018-01-11 15:00:00,7253.5645
2018-01-11 18:00:00,11623.655
2018-01-11 21:00:00,13664.797
2018-01-12 00:00:00,16803.346
2018-01-12 03:00:00,8500.595
2018-01-12 06:00:00,9158.517
2018-01-12 09:00:00,10582.615
2018-01-12 12:00:00,13694.344
2018-01-12 15:00:00,14325.909
2018-01-12 18:00:00,14206.878
2018-01-12 21:00:00,18759.715
2018-01-13 00:00:00,15203.182
2018-01-13 03:00:00,7689.787
2018-01-13 06:00:00,4465.105
2018-01-13 09:00:00,8815.344
2018-01-13 12:00:00,13375.573
2018-01-13 15:00:00,16573.826
2018-01-13 18:00:00,15027.829
2018-01-13 21:00:00,13914.985
2018-01-14 00:00:00,12389.206
2018-01-14 03:00:00,5336.3916
2018-01-14 06:00:00,1348.2548
2018-01-14 09:00:00,6889.583
2018-01-14 12:00:00,7562.463
2018-01-14 15:00:00,10034.301
2018-01-14 18:00:00,13938.277
2018-01-14 21:00:00,13920.711
2018-01-15 00:00:00,10622.922
2018-01-15 03:00:00,7074.877
2018-01-15 06:00:00,4822.432
2018-01-15 09:00:00,9841.706
2018-01-15 12:00:00,11314.529
2018-01-15 15:00:00,10857.091
2018-01-15 18:00:00,8180.3945
2018-01-15 21:00:00,8451.96
2018-01-16 00:00:00,10682.666
2018-01-16 03:00:00,5703.823
2018-01-16 06:00:00,2943.8704
2018-01-16 09:00:00,7644.538
2018-01-16 12:00:00,11592.214
2018-01-16 15:00:00,8199.644
2018-01-16 18:00:00,8995.238
2018-01-16 21:00:00,9740.214
2018-01-17 00:00:00,10075.127
2018-01-17 03:00:00,582.1043
2018-01-17 06:00:00,2396.0605
2018-01-17 09:00:00,11798.517
2018-01-17 12:00:00,8763.431
2018-01-17 15:00:00,4760.0117
2018-01-17 18:00:00,4220.2217
2018-01-17 21:00:00,11914.585
2018-01-18 00:00:00,11977.821
2018-01-18 03:00:00,6275.683
2018-01-18 06:00:00,3403.8923
2018-01-18 09:00:00,10529.618
2018-01-18 12:00:00,11753.842
2018-01-18 15:00:00,10876.835
2018-01-18 18:00:00,11471.525
2018-01-18 21:00:00,13465.9795
2018-01-19 00:00:00,12223.121
2018-01-19 03:00:00,8169.2812
2018-01-19 06:00:00,4765.55
2018-01-19 09:00:00,9495.432
2018-01-19 12:00:00,11492.287
2018-01-19 15:00:00,10030.64
2018-01-19 18:00:00,7429.3594
2018-01-19 21:00:00,12649.276
2018-01-20 00:00:00,13865.778
2018-01-20 03:00:00,6745.2544
2018-01-20 06:00:00,3741.9634
2018-01-20 09:00:00,9697.375
2018-01-20 12:00:00,11140.606
2018-01-20 15:00:00,9866.816
2018-01-20 18:00:00,9440.163
2018-01-20 21:00:00,11449.167
2018-01-21 00:00:00,9236.074
2018-01-21 03:00:00,3677.256
2018-01-21 06:00:00,5463.157
2018-01-21 09:00:00,10100.403
2018-01-21 12:00:00,9981.798
2018-01-21 15:00:00,7383.608
2018-01-21 18:00:00,6096.64
2018-01-21 21:00:00,10779.682
2018-01-22 00:00:00,13699.62
2018-01-22 03:00:00,7213.046
2018-01-22 06:00:00,6076.4233
2018-01-22 09:00:00,8311.262
2018-01-22 12:00:00,10493.444
2018-01-22 15:00:00,7628.0347
2018-01-22 18:00:00,9345.819
2018-01-22 21:00:00,16173.885
2018-01-23 00:00:00,12942.494
2018-01-23 03:00:00,6351.5356
2018-01-23 06:00:00,7296.14
2018-01-23 09:00:00,10060.319
2018-01-23 12:00:00,14009.869
2018-01-23 15:00:00,9871.211
2018-01-23 18:00:00,11260.376
2018-01-23 21:00:00,14330.834
2018-01-24 00:00:00,12896.843
2018-01-24 03:00:00,6440.236
2018-01-24 06:00:00,3760.4521
2018-01-24 09:00:00,12941.818
2018-01-24 12:00:00,12479.358
2018-01-24 15:00:00,12091.826
2018-01-24 18:00:00,10806.225
2018-01-24 21:00:00,15375.511
2018-01-25 00:00:00,13189.693
2018-01-25 03:00:00,8601.351
2018-01-25 06:00:00,8427.465
2018-01-25 09:00:00,13039.731
2018-01-25 12:00:00,13988.604
2018-01-25 15:00:00,15665.169
2018-01-25 18:00:00,11151.469
2018-01-25 21:00:00,13414.729
2018-01-26 00:00:00,7964.8413
2018-01-26 03:00:00,188.72227
2018-01-26 06:00:00,-1103.4285
2018-01-26 09:00:00,2205.5857
2018-01-26 12:00:00,7360.978
2018-01-26 15:00:00,2462.5583
2018-01-26 18:00:00,7359.236
2018-01-26 21:00:00,9140.865
2018-01-27 00:00:00,7737.8994
2018-01-27 03:00:00,658.4521
2018-01-27 06:00:00,452.427
2018-01-27 09:00:00,7913.9507
2018-01-27 12:00:00,9935.146
2018-01-27 15:00:00,7981.248
2018-01-27 18:00:00,10211.76
2018-01-27 21:00:00,14333.08
2018-01-28 00:00:00,12250.229
2018-01-28 03:00:00,9368.379
2018-01-28 06:00:00,6282.377
2018-01-28 09:00:00,10799.156
2018-01-28 12:00:00,11645.561
2018-01-28 15:00:00,11199.084
2018-01-28 18:00:00,11481.493
2018-01-28 21:00:00,12724.3955
2018-01-29 00:00:00,14529.645
2018-01-29 03:00:00,7145.5747
2018-01-29 06:00:00,5836.441
2018-01-29 09:00:00,10920.147
2018-01-29 12:00:00,12562.1455
2018-01-29 15:00:00,10003.252
2018-01-29 18:00:00,8230.856
2018-01-29 21:00:00,12661.885
2018-01-30 00:00:00,12212.649
2018-01-30 03:00:00,7829.916
2018-01-30 06:00:00,5918.862
2018-01-30 09:00:00,11450.363
2018-01-30 12:00:00,12664.018
2018-01-30 15:00:00,13111.9375
2018-01-30 18:00:00,10282.469
2018-01-30 21:00:00,13677.195
2018-01-31 00:00:00,13699.156
2018-01-31 03:00:00,6749.8745
2018-01-31 06:00:00,3774.0933
2018-01-31 09:00:00,9662.875
2018-01-31 12:00:00,14254.099
2018-01-31 15:00:00,11021.037
2018-01-31 18:00:00,9337.904
2018-01-31 21:00:00,13778.195
2018-02-01 00:00:00,9801.518
2018-02-01 03:00:00,3081.1765
2018-02-01 06:00:00,1721.8397
2018-02-01 09:00:00,5353.69
2018-02-01 12:00:00,6733.7886
2018-02-01 15:00:00,4596.0747
2018-02-01 18:00:00,7666.6543
2018-02-01 21:00:00,8417.455
2018-02-02 00:00:00,6312.06
2018-02-02 03:00:00,306.34378
2018-02-02 06:00:00,168.7357
2018-02-02 09:00:00,3489.8118
2018-02-02 12:00:00,5899.449
2018-02-02 15:00:00,4349.518
2018-02-02 18:00:00,3904.7913
2018-02-02 21:00:00,6142.5713
2018-02-03 00:00:00,4314.081
2018-02-03 03:00:00,-1784.9528
2018-02-03 06:00:00,-3335.164
2018-02-03 09:00:00,3605.6562
2018-02-03 12:00:00,4124.95
2018-02-03 15:00:00,3645.421
2018-02-03 18:00:00,2522.0007
2018-02-03 21:00:00,3355.218
2018-02-04 00:00:00,4397.9644
2018-02-04 03:00:00,284.47467
2018-02-04 06:00:00,-1238.3827
2018-02-04 09:00:00,4123.1665
2018-02-04 12:00:00,6553.8794
2018-02-04 15:00:00,4282.118
2018-02-04 18:00:00,4957.4297
2018-02-04 21:00:00,6103.419
2018-02-05 00:00:00,6147.126
2018-02-05 03:00:00,2414.194
2018-02-05 06:00:00,3623.0278
2018-02-05 09:00:00,7057.298
2018-02-05 12:00:00,7583.8486
2018-02-05 15:00:00,7582.0645
2018-02-05 18:00:00,7722.2764
2018-02-05 21:00:00,7806.1064
2018-02-06 00:00:00,10154.105
2018-02-06 03:00:00,6950.498
2018-02-06 06:00:00,3857.0566
2018-02-06 09:00:00,8090.87
2018-02-06 12:00:00,10634.571
2018-02-06 15:00:00,9255.627
2018-02-06 18:00:00,10338.744
2018-02-06 21:00:00,9349.754
2018-02-07 00:00:00,9753.245
2018-02-07 03:00:00,5484.624
2018-02-07 06:00:00,6837.2827
2018-02-07 09:00:00,9625.547
2018-02-07 12:00:00,9805.662
2018-02-07 15:00:00,8389.019
2018-02-07 18:00:00,8136.876
2018-02-07 21:00:00,10368.043
2018-02-08 00:00:00,12375.35
2018-02-08 03:00:00,10561.531
2018-02-08 06:00:00,7190.1226
2018-02-08 09:00:00,11624.835
2018-02-08 12:00:00,13786.065
2018-02-08 15:00:00,13461.495
2018-02-08 18:00:00,13910.92
2018-02-08 21:00:00,13524.028
2018-02-09 00:00:00,14562.0205
2018-02-09 03:00:00,9444.482
2018-02-09 06:00:00,6167.4414
2018-02-09 09:00:00,13234.152
2018-02-09 12:00:00,15025.506
2018-02-09 15:00:00,13279.325
2018-02-09 18:00:00,12903.0
2018-02-09 21:00:00,14670.984
2018-02-10 00:00:00,13054.258
2018-02-10 03:00:00,9842.732
2018-02-10 06:00:00,6933.2725
2018-02-10 09:00:00,11739.612
2018-02-10 12:00:00,13368.263
2018-02-10 15:00:00,10156.197
2018-02-10 18:00:00,8166.8833
2018-02-10 21:00:00,10448.15
2018-02-11 00:00:00,13674.338
2018-02-11 03:00:00,7947.5005
2018-02-11 06:00:00,9151.2295
2018-02-11 09:00:00,12933.456
2018-02-11 12:00:00,14534.416
2018-02-11 15:00:00,9266.018
2018-02-11 18:00:00,7204.832
2018-02-11 21:00:00,11724.6
2018-02-12 00:00:00,10812.294
2018-02-12 03:00:00,7258.39
2018-02-12 06:00:00,5517.5835
2018-02-12 09:00:00,11778.107
2018-02-12 12:00:00,14645.9795
2018-02-12 15:00:00,13794.121
2018-02-12 18:00:00,13370.537
2018-02-12 21:00:00,14125.075
2018-02-13 00:00:00,13619.998
2018-02-13 03:00:00,7126.5947
2018-02-13 06:00:00,8201.783
2018-02-13 09:00:00,7887.4487
2018-02-13 12:00:00,9206.552
2018-02-13 15:00:00,4374.051
2018-02-13 18:00:00,-1293.8197
2018-02-13 21:00:00,3726.7961
2018-02-14 00:00:00,7650.513
2018-02-14 03:00:00,-434.76025
2018-02-14 06:00:00,1620.4119
2018-02-14 09:00:00,7439.889
2018-02-14 12:00:00,9248.567
2018-02-14 15:00:00,8794.3545
2018-02-14 18:00:00,8625.649
2018-02-14 21:00:00,11133.996
2018-02-15 00:00:00,10461.102
2018-02-15 03:00:00,8046.7124
2018-02-15 06:00:00,5107.1533
2018-02-15 09:00:00,9095.848
2018-02-15 12:00:00,13412.41
2018-02-15 15:00:00,10612.696
2018-02-15 18:00:00,9384.324
2018-02-15 21:00:00,14322.556
2018-02-16 00:00:00,11788.657
2018-02-16 03:00:00,7223.6836
2018-02-16 06:00:00,6875.698
2018-02-16 09:00:00,13667.928
2018-02-16 12:00:00,12354.452
2018-02-16 15:00:00,10250.12
2018-02-16 18:00:00,7413.88
2018-02-16 21:00:00,9751.261
2018-02-17 00:00:00,11600.293
2018-02-17 03:00:00,4554.9365
2018-02-17 06:00:00,6080.045
2018-02-17 09:00:00,12634.919
2018-02-17 12:00:00,13844.432
2018-02-17 15:00:00,8848.843
2018-02-17 18:00:00,9629.516
2018-02-17 21:00:00,11703.763
2018-02-18 00:00:00,10865.947
2018-02-18 03:00:00,6151.6387
2018-02-18 06:00:00,6813.2314
2018-02-18 09:00:00,9668.008
2018-02-18 12:00:00,12831.125
2018-02-18 15:00:00,7596.48
2018-02-18 18:00:00,6411.356
2018-02-18 21:00:00,9242.768
2018-02-19 00:00:00,8932.32
2018-02-19 03:00:00,4832.97
2018-02-19 06:00:00,2711.535
2018-02-19 09:00:00,9221.68
2018-02-19 12:00:00,8661.762
2018-02-19 15:00:00,7236.86
2018-02-19 18:00:00,2938.5554
2018-02-19 21:00:00,4325.0073
2018-02-20 00:00:00,4413.5796
2018-02-20 03:00:00,-1186.215
2018-02-20 06:00:00,-1312.4546
2018-02-20 09:00:00,3138.0613
2018-02-20 12:00:00,3133.6462
2018-02-20 15:00:00,381.92297
2018-02-20 18:00:00,806.0142
2018-02-20 21:00:00,-1390.1437
2018-02-21 00:00:00,100.16239
2018-02-21 03:00:00,-1776.1427
2018-02-21 06:00:00,-2622.553
2018-02-21 09:00:00,376.11984
2018-02-21 12:00:00,1413.3813
2018-02-21 15:00:00,3101.963
2018-02-21 18:00:00,4708.6685
2018-02-21 21:00:00,10134.925
2018-02-22 00:00:00,7757.0986
2018-02-22 03:00:00,4731.3423
2018-02-22 06:00:00,1894.2762
2018-02-22 09:00:00,6132.8916
2018-02-22 12:00:00,7971.7827
2018-02-22 15:00:00,4278.801
2018-02-22 18:00:00,3789.0298
2018-02-22 21:00:00,8951.556
2018-02-23 00:00:00,5673.8325
2018-02-23 03:00:00,1145.2518
2018-02-23 06:00:00,876.0733
2018-02-23 09:00:00,6981.4673
2018-02-23 12:00:00,7657.287
2018-02-23 15:00:00,4252.701
2018-02-23 18:00:00,5153.9507
2018-02-23 21:00:00,11323.334
2018-02-24 00:00:00,10492.706
2018-02-24 03:00:00,3770.1284
2018-02-24 06:00:00,4654.833
2018-02-24 09:00:00,9119.088
2018-02-24 12:00:00,9849.242
2018-02-24 15:00:00,5894.502
2018-02-24 18:00:00,4387.323
2018-02-24 21:00:00,11035.1045
2018-02-25 00:00:00,10783.53
2018-02-25 03:00:00,5126.552
2018-02-25 06:00:00,4061.0696
2018-02-25 09:00:00,11235.281
2018-02-25 12:00:00,8005.7905
2018-02-25 15:00:00,6398.4414
2018-02-25 18:00:00,3991.84
2018-02-25 21:00:00,9480.572
2018-02-26 00:00:00,6680.3364
2018-02-26 03:00:00,4103.4736
2018-02-26 06:00:00,4275.539
2018-02-26 09:00:00,6904.1636
2018-02-26 12:00:00,5926.3965
2018-02-26 15:00:00,3491.5134
2018-02-26 18:00:00,5857.987
2018-02-26 21:00:00,9101.205
2018-02-27 00:00:00,6228.0854
2018-02-27 03:00:00,3540.5989
2018-02-27 06:00:00,1357.156
2018-02-27 09:00:00,9206.073
2018-02-27 12:00:00,10381.716
2018-02-27 15:00:00,9227.599
2018-02-27 18:00:00,5483.2295
2018-02-27 21:00:00,10719.864
2018-02-28 00:00:00,8041.2676
2018-02-28 03:00:00,2527.0837
2018-02-28 06:00:00,-617.12067
2018-02-28 09:00:00,2980.3904
2018-02-28 12:00:00,5556.8394
2018-02-28 15:00:00,5492.438
2018-02-28 18:00:00,2013.8188
2018-02-28 21:00:00,1066.6145
2018-03-01 00:00:00,5131.7905
2018-03-01 03:00:00,-387.24316
2018-03-01 06:00:00,-2916.03
2018-03-01 09:00:00,-260.9064
2018-03-01 12:00:00,5177.5312
2018-03-01 15:00:00,3039.772
2018-03-01 18:00:00,4260.181
2018-03-01 21:00:00,5207.9526
2018-03-02 00:00:00,3866.7788
2018-03-02 03:00:00,-3471.0627
2018-03-02 06:00:00,-4641.3604
2018-03-02 09:00:00,4113.001
2018-03-02 12:00:00,4296.5947
2018-03-02 15:00:00,4294.865
2018-03-02 18:00:00,3351.593
2018-03-02 21:00:00,5874.596
2018-03-03 00:00:00,3652.4146
2018-03-03 03:00:00,-3717.4614
2018-03-03 06:00:00,-3116.347
2018-03-03 09:00:00,411.50702
2018-03-03 12:00:00,-1421.5142
2018-03-03 15:00:00,282.19534
2018-03-03 18:00:00,688.6606
2018-03-03 21:00:00,3886.1956
2018-03-04 00:00:00,6629.2373
2018-03-04 03:00:00,175.58104
2018-03-04 06:00:00,-3806.7605
2018-03-04 09:00:00,2833.4026
2018-03-04 12:00:00,851.3852
2018-03-04 15:00:00,145.03645
2018-03-04 18:00:00,500.72787
2018-03-04 21:00:00,2894.8398
2018-03-05 00:00:00,8052.7974
2018-03-05 03:00:00,505.25632
2018-03-05 06:00:00,-3660.3962
2018-03-05 09:00:00,1457.4393
2018-03-05 12:00:00,6357.3633
2018-03-05 15:00:00,6552.6187
2018-03-05 18:00:00,4034.7715
2018-03-05 21:00:00,3338.6064
2018-03-06 00:00:00,6289.7104
2018-03-06 03:00:00,3034.4695
2018-03-06 06:00:00,-922.67206
2018-03-06 09:00:00,7198.997
2018-03-06 12:00:00,8389.217
2018-03-06 15:00:00,6837.203
2018-03-06 18:00:00,6205.812
2018-03-06 21:00:00,7210.861
2018-03-07 00:00:00,7977.1753
2018-03-07 03:00:00,4444.8926
2018-03-07 06:00:00,3579.2
2018-03-07 09:00:00,6519.951
2018-03-07 12:00:00,8598.58
2018-03-07 15:00:00,8630.879
2018-03-07 18:00:00,9203.9375
2018-03-07 21:00:00,8196.291
2018-03-08 00:00:00,9459.05
2018-03-08 03:00:00,8698.6045
2018-03-08 06:00:00,8431.676
2018-03-08 09:00:00,10629.536
2018-03-08 12:00:00,11316.745
2018-03-08 15:00:00,12295.708
2018-03-08 18:00:00,11065.898
2018-03-08 21:00:00,11919.733
2018-03-09 00:00:00,11739.931
2018-03-09 03:00:00,8594.449
2018-03-09 06:00:00,5605.441
2018-03-09 09:00:00,11482.284
2018-03-09 12:00:00,12705.707
2018-03-09 15:00:00,10258.197
2018-03-09 18:00:00,7801.005
2018-03-09 21:00:00,9800.937
2018-03-10 00:00:00,10386.54
2018-03-10 03:00:00,7954.6304
2018-03-10 06:00:00,3413.2083
2018-03-10 09:00:00,8779.02
2018-03-10 12:00:00,7818.447
2018-03-10 15:00:00,8272.208
2018-03-10 18:00:00,7755.2344
2018-03-10 21:00:00,11852.684
2018-03-11 00:00:00,9424.8545
2018-03-11 03:00:00,2820.4558
2018-03-11 06:00:00,-356.69974
2018-03-11 09:00:00,6413.3086
2018-03-11 12:00:00,10417.823
2018-03-11 15:00:00,10043.919
2018-03-11 18:00:00,4597.4233
2018-03-11 21:00:00,8649.102
2018-03-12 00:00:00,10957.113
2018-03-12 03:00:00,7438.3027
2018-03-12 06:00:00,4630.483
2018-03-12 09:00:00,8499.889
2018-03-12 12:00:00,12335.978
2018-03-12 15:00:00,9924.976
2018-03-12 18:00:00,8954.12
2018-03-12 21:00:00,10602.878
2018-03-13 00:00:00,7161.417
2018-03-13 03:00:00,5971.112
2018-03-13 06:00:00,2258.3428
2018-03-13 09:00:00,10103.866
2018-03-13 12:00:00,6140.1807
2018-03-13 15:00:00,1274.0896
2018-03-13 18:00:00,2885.8682
2018-03-13 21:00:00,7203.6284
2018-03-14 00:00:00,7071.3325
2018-03-14 03:00:00,2511.9429
2018-03-14 06:00:00,-136.95314
2018-03-14 09:00:00,3723.0198
2018-03-14 12:00:00,3752.7942
2018-03-14 15:00:00,2302.9844
2018-03-14 18:00:00,905.6761
2018-03-14 21:00:00,3185.1853
2018-03-15 00:00:00,3651.6912
2018-03-15 03:00:00,-2826.0657
2018-03-15 06:00:00,-3344.9094
2018-03-15 09:00:00,34.015022
2018-03-15 12:00:00,338.61765
2018-03-15 15:00:00,3218.3145
2018-03-15 18:00:00,1949.45
2018-03-15 21:00:00,551.7733
2018-03-16 00:00:00,2939.1653
2018-03-16 03:00:00,1704.5516
2018-03-16 06:00:00,2498.2024
2018-03-16 09:00:00,2045.8903
2018-03-16 12:00:00,3062.1433
2018-03-16 15:00:00,583.81
2018-03-16 18:00:00,-162.38475
2018-03-16 21:00:00,4509.8394
2018-03-17 00:00:00,3465.8718
2018-03-17 03:00:00,-1611.9585
2018-03-17 06:00:00,-2296.5122
2018-03-17 09:00:00,3667.4639
2018-03-17 12:00:00,6521.8774
2018-03-17 15:00:00,3932.3184
2018-03-17 18:00:00,2993.6765
2018-03-17 21:00:00,4051.9907
2018-03-18 00:00:00,4101.9785
2018-03-18 03:00:00,-331.48422
2018-03-18 06:00:00,-2435.8647
2018-03-18 09:00:00,1560.8097
2018-03-18 12:00:00,1780.2606
2018-03-18 15:00:00,-1430.2775
2018-03-18 18:00:00,-1587.4465
2018-03-18 21:00:00,2057.9883
2018-03-19 00:00:00,7264.098
2018-03-19 03:00:00,14.860064
2018-03-19 06:00:00,31.001635
2018-03-19 09:00:00,2969.7107
2018-03-19 12:00:00,5048.8804
2018-03-19 15:00:00,3825.7605
2018-03-19 18:00:00,5139.7056
2018-03-19 21:00:00,6660.345
2018-03-20 00:00:00,1374.4563
2018-03-20 03:00:00,2170.3938
2018-03-20 06:00:00,-4092.7327
2018-03-20 09:00:00,2482.591
2018-03-20 12:00:00,4517.093
2018-03-20 15:00:00,2935.408
2018-03-20 18:00:00,2758.7178
2018-03-20 21:00:00,668.7271
2018-03-21 00:00:00,1670.5524
2018-03-21 03:00:00,-1052.7396
2018-03-21 06:00:00,-2065.5447
2018-03-21 09:00:00,6755.7544
2018-03-21 12:00:00,6604.615
2018-03-21 15:00:00,3090.2227
2018-03-21 18:00:00,4585.3735
2018-03-21 21:00:00,4576.5776
2018-03-22 00:00:00,6509.6177
2018-03-22 03:00:00,3528.151
2018-03-22 06:00:00,2193.2473
2018-03-22 09:00:00,7476.95
2018-03-22 12:00:00,8508.7705
2018-03-22 15:00:00,4677.0425
2018-03-22 18:00:00,432.9844
2018-03-22 21:00:00,6507.544
2018-03-23 00:00:00,7338.133
2018-03-23 03:00:00,5038.9897
2018-03-23 06:00:00,1779.686
2018-03-23 09:00:00,475.41248
2018-03-23 12:00:00,2368.2827
2018-03-23 15:00:00,-1907.1968
2018-03-23 18:00:00,2598.8845
2018-03-23 21:00:00,3175.362
2018-03-24 00:00:00,2526.7178
2018-03-24 03:00:00,-1619.7505
2018-03-24 06:00:00,-2644.1726
2018-03-24 09:00:00,-3059.052
2018-03-24 12:00:00,-812.0417
2018-03-24 15:00:00,176.20522
2018-03-24 18:00:00,-1842.2217
2018-03-24 21:00:00,-796.63446
2018-03-25 00:00:00,25.168135
2018-03-25 03:00:00,-2582.7463
2018-03-25 06:00:00,-2947.3577
2018-03-25 09:00:00,2651.3862
2018-03-25 12:00:00,3276.766
2018-03-25 15:00:00,5516.6426
2018-03-25 18:00:00,3481.0422
2018-03-25 21:00:00,4251.0566
2018-03-26 00:00:00,5489.611
2018-03-26 03:00:00,1169.6191
2018-03-26 06:00:00,-433.82635
2018-03-26 09:00:00,6908.599
2018-03-26 12:00:00,4427.178
2018-03-26 15:00:00,3355.991
2018-03-26 18:00:00,3391.271
2018-03-26 21:00:00,5573.078
2018-03-27 00:00:00,9086.49
2018-03-27 03:00:00,5384.991
2018-03-27 06:00:00,-294.81305
2018-03-27 09:00:00,4407.697
2018-03-27 12:00:00,6761.8623
2018-03-27 15:00:00,7286.164
2018-03-27 18:00:00,4514.1294
2018-03-27 21:00:00,5983.1167
2018-03-28 00:00:00,9534.448
2018-03-28 03:00:00,2233.401
2018-03-28 06:00:00,3263.2947
2018-03-28 09:00:00,8988.436
2018-03-28 12:00:00,6218.084
2018-03-28 15:00:00,109.270096
2018-03-28 18:00:00,-106.3671
2018-03-28 21:00:00,-2505.6458
2018-03-29 00:00:00,146.90517
2018-03-29 03:00:00,-1626.4423
2018-03-29 06:00:00,-2980.7253
2018-03-29 09:00:00,3388.6975
2018-03-29 12:00:00,6840.7427
2018-03-29 15:00:00,2134.4438
2018-03-29 18:00:00,-867.1258
2018-03-29 21:00:00,4400.066
2018-03-30 00:00:00,925.3298
2018-03-30 03:00:00,-2947.3577
2018-03-30 06:00:00,-2947.3577
2018-03-30 09:00:00,1741.6697
2018-03-30 12:00:00,-1971.2306
2018-03-30 15:00:00,1890.46
2018-03-30 18:00:00,-887.7061
2018-03-30 21:00:00,969.28375
2018-03-31 00:00:00,-2169.0317
2018-03-31 03:00:00,-2668.4216
2018-03-31 06:00:00,-2644.1726
2018-03-31 09:00:00,-494.37454
2018-03-31 12:00:00,-81.326836
2018-03-31 15:00:00,-1950.9407
2018-03-31 18:00:00,-3784.9133
2018-03-31 21:00:00,253.8648
2018-04-01 00:00:00,5395.0205
2018-04-01 03:00:00,2461.7256
2018-04-01 06:00:00,1677.5355
2018-04-01 09:00:00,8271.304
2018-04-01 12:00:00,5971.05
2018-04-01 15:00:00,6909.2974
2018-04-01 18:00:00,3525.5337
2018-04-01 21:00:00,5336.1123
2018-04-02 00:00:00,6333.63
2018-04-02 03:00:00,605.2961
2018-04-02 06:00:00,-1608.4327
2018-04-02 09:00:00,3588.1409
2018-04-02 12:00:00,5776.824
2018-04-02 15:00:00,3114.901
2018-04-02 18:00:00,2312.6072
2018-04-02 21:00:00,5508.812
2018-04-03 00:00:00,4482.2817
2018-04-03 03:00:00,-1077.1066
2018-04-03 06:00:00,-1224.5294
2018-04-03 09:00:00,2626.4014
2018-04-03 12:00:00,3097.9666
2018-04-03 15:00:00,-2794.5203
2018-04-03 18:00:00,-2917.7966
2018-04-03 21:00:00,1535.5198
2018-04-04 00:00:00,2612.3105
2018-04-04 03:00:00,-1624.896
2018-04-04 06:00:00,-3371.0574
2018-04-04 09:00:00,3742.6372
2018-04-04 12:00:00,1455.7008
2018-04-04 15:00:00,3463.621
2018-04-04 18:00:00,-655.5765
2018-04-04 21:00:00,1878.9506
2018-04-05 00:00:00,6483.3794
2018-04-05 03:00:00,2712.2266
2018-04-05 06:00:00,2038.5449
2018-04-05 09:00:00,6371.6235
2018-04-05 12:00:00,8181.555
2018-04-05 15:00:00,6763.7856
2018-04-05 18:00:00,5436.855
2018-04-05 21:00:00,4740.7456
2018-04-06 00:00:00,8944.589
2018-04-06 03:00:00,7097.0874
2018-04-06 06:00:00,4313.6665
2018-04-06 09:00:00,8784.421
2018-04-06 12:00:00,9256.453
2018-04-06 15:00:00,10159.38
2018-04-06 18:00:00,8973.9375
2018-04-06 21:00:00,8767.112
2018-04-07 00:00:00,13782.607
2018-04-07 03:00:00,7730.51
2018-04-07 06:00:00,6579.6567
2018-04-07 09:00:00,11150.256
2018-04-07 12:00:00,13723.212
2018-04-07 15:00:00,11006.804
2018-04-07 18:00:00,8239.925
2018-04-07 21:00:00,11803.0625
2018-04-08 00:00:00,10652.52
2018-04-08 03:00:00,7255.492
2018-04-08 06:00:00,5746.2334
2018-04-08 09:00:00,9658.009
2018-04-08 12:00:00,9491.074
2018-04-08 15:00:00,8879.371
2018-04-08 18:00:00,6120.553
2018-04-08 21:00:00,8647.649
2018-04-09 00:00:00,11413.283
2018-04-09 03:00:00,5229.343
2018-04-09 06:00:00,3837.606
2018-04-09 09:00:00,9119.655
2018-04-09 12:00:00,11549.757
2018-04-09 15:00:00,11703.444
2018-04-09 18:00:00,7611.0635
2018-04-09 21:00:00,9880.832
2018-04-10 00:00:00,9142.171
2018-04-10 03:00:00,5719.267
2018-04-10 06:00:00,4134.257
2018-04-10 09:00:00,8523.787
2018-04-10 12:00:00,10689.767
2018-04-10 15:00:00,12474.21
2018-04-10 18:00:00,9927.273
2018-04-10 21:00:00,11716.526
2018-04-11 00:00:00,11496.963
2018-04-11 03:00:00,5358.599
2018-04-11 06:00:00,2969.7107
2018-04-11 09:00:00,7840.4727
2018-04-11 12:00:00,10811.643
2018-04-11 15:00:00,10762.002
2018-04-11 18:00:00,7739.419
2018-04-11 21:00:00,7345.6807
2018-04-12 00:00:00,8769.98
2018-04-12 03:00:00,3028.3235
2018-04-12 06:00:00,2955.7463
2018-04-12 09:00:00,8843.396
2018-04-12 12:00:00,12005.06
2018-04-12 15:00:00,9896.416
2018-04-12 18:00:00,9432.053
2018-04-12 21:00:00,12518.575
2018-04-13 00:00:00,8612.805
2018-04-13 03:00:00,2476.4424
2018-04-13 06:00:00,-176.55736
2018-04-13 09:00:00,5252.357
2018-04-13 12:00:00,6880.88
2018-04-13 15:00:00,6427.0723
2018-04-13 18:00:00,4095.156
2018-04-13 21:00:00,8298.685
2018-04-14 00:00:00,8351.388
2018-04-14 03:00:00,4715.014
2018-04-14 06:00:00,2631.6191
2018-04-14 09:00:00,10788.674
2018-04-14 12:00:00,13100.545
2018-04-14 15:00:00,9945.133
2018-04-14 18:00:00,4689.815
2018-04-14 21:00:00,8720.861
2018-04-15 00:00:00,10711.107
2018-04-15 03:00:00,5056.155
2018-04-15 06:00:00,173.01253
2018-04-15 09:00:00,5725.188
2018-04-15 12:00:00,4625.8604
2018-04-15 15:00:00,1516.3323
2018-04-15 18:00:00,-2528.6675
2018-04-15 21:00:00,4936.843
2018-04-16 00:00:00,5940.653
2018-04-16 03:00:00,140.79195
2018-04-16 06:00:00,-1673.9584
2018-04-16 09:00:00,3700.3018
2018-04-16 12:00:00,4526.2256
2018-04-16 15:00:00,2664.8047
2018-04-16 18:00:00,6832.3345
2018-04-16 21:00:00,8888.43
2018-04-17 00:00:00,11402.306
2018-04-17 03:00:00,6698.1875
2018-04-17 06:00:00,4736.0166
2018-04-17 09:00:00,10328.547
2018-04-17 12:00:00,10318.754
2018-04-17 15:00:00,7912.539
2018-04-17 18:00:00,5236.797
2018-04-17 21:00:00,8276.795
2018-04-18 00:00:00,11189.778
2018-04-18 03:00:00,6249.8193
2018-04-18 06:00:00,5751.934
2018-04-18 09:00:00,10321.913
2018-04-18 12:00:00,7915.002
2018-04-18 15:00:00,6690.409
2018-04-18 18:00:00,6972.6646
2018-04-18 21:00:00,9449.911
2018-04-19 00:00:00,9914.821
2018-04-19 03:00:00,7497.209
2018-04-19 06:00:00,6520.1807
2018-04-19 09:00:00,9160.519
2018-04-19 12:00:00,7559.665
2018-04-19 15:00:00,6250.366
2018-04-19 18:00:00,4886.3115
2018-04-19 21:00:00,3802.5784
2018-04-20 00:00:00,7828.8374
2018-04-20 03:00:00,7191.112
2018-04-20 06:00:00,1898.0977
2018-04-20 09:00:00,4961.773
2018-04-20 12:00:00,6311.9136
2018-04-20 15:00:00,6344.799
2018-04-20 18:00:00,4832.816
2018-04-20 21:00:00,7130.525
2018-04-21 00:00:00,8370.546
2018-04-21 03:00:00,6050.7583
2018-04-21 06:00:00,1456.5826
2018-04-21 09:00:00,9045.58
2018-04-21 12:00:00,9106.658
2018-04-21 15:00:00,8566.747
2018-04-21 18:00:00,5541.596
2018-04-21 21:00:00,7443.991
2018-04-22 00:00:00,9652.469
2018-04-22 03:00:00,5626.73
2018-04-22 06:00:00,3521.9438
2018-04-22 09:00:00,7318.217
2018-04-22 12:00:00,8116.6553
2018-04-22 15:00:00,8698.752
2018-04-22 18:00:00,6429.704
2018-04-22 21:00:00,5637.2705
2018-04-23 00:00:00,5357.389
2018-04-23 03:00:00,3004.293
2018-04-23 06:00:00,5250.174
2018-04-23 09:00:00,6614.249
2018-04-23 12:00:00,8790.706
2018-04-23 15:00:00,7320.8633
2018-04-23 18:00:00,6283.788
2018-04-23 21:00:00,9655.028
2018-04-24 00:00:00,10125.739
2018-04-24 03:00:00,4508.2554
2018-04-24 06:00:00,1938.1182
2018-04-24 09:00:00,7120.1533
2018-04-24 12:00:00,9417.225
2018-04-24 15:00:00,7333.9053
2018-04-24 18:00:00,6687.3726
2018-04-24 21:00:00,7106.513
2018-04-25 00:00:00,7952.8716
2018-04-25 03:00:00,4257.5317
2018-04-25 06:00:00,2902.5977
2018-04-25 09:00:00,10239.792
2018-04-25 12:00:00,5305.0347
2018-04-25 15:00:00,4917.244
2018-04-25 18:00:00,3670.5486
2018-04-25 21:00:00,7122.1743
2018-04-26 00:00:00,7499.944
2018-04-26 03:00:00,8204.202
2018-04-26 06:00:00,5431.8525
2018-04-26 09:00:00,9479.043
2018-04-26 12:00:00,10806.4375
2018-04-26 15:00:00,4224.7827
2018-04-26 18:00:00,1113.5331
2018-04-26 21:00:00,8194.405
2018-04-27 00:00:00,7951.922
2018-04-27 03:00:00,4828.3657
2018-04-27 06:00:00,3803.2068
2018-04-27 09:00:00,6591.3555
2018-04-27 12:00:00,3615.35
2018-04-27 15:00:00,3736.4731
2018-04-27 18:00:00,3284.9495
2018-04-27 21:00:00,2874.7856
2018-04-28 00:00:00,6822.297
2018-04-28 03:00:00,2418.883
2018-04-28 06:00:00,2773.7092
2018-04-28 09:00:00,5829.223
2018-04-28 12:00:00,5878.906
2018-04-28 15:00:00,3875.8728
2018-04-28 18:00:00,4430.891
2018-04-28 21:00:00,5524.9214
2018-04-29 00:00:00,6587.0327
2018-04-29 03:00:00,1946.2483
2018-04-29 06:00:00,-1567.1393
2018-04-29 09:00:00,1366.0759
2018-04-29 12:00:00,812.9775
2018-04-29 15:00:00,3730.4773
2018-04-29 18:00:00,-1285.5355
2018-04-29 21:00:00,1318.6854
2018-04-30 00:00:00,3928.8765
2018-04-30 03:00:00,-1689.816
2018-04-30 06:00:00,-2743.1936
2018-04-30 09:00:00,1481.505
2018-04-30 12:00:00,3376.8748
2018-04-30 15:00:00,-1298.7274
2018-04-30 18:00:00,3180.4453
2018-04-30 21:00:00,-305.3928
2018-05-01 00:00:00,7285.949
2018-05-01 03:00:00,-916.1108
2018-05-01 06:00:00,-2249.0833
2018-05-01 09:00:00,0.22623873
2018-05-01 12:00:00,4547.2705
2018-05-01 15:00:00,6794.707
2018-05-01 18:00:00,5525.477
2018-05-01 21:00:00,7132.128
2018-05-02 00:00:00,7332.337
2018-05-02 03:00:00,1244.0983
2018-05-02 06:00:00,1578.1931
2018-05-02 09:00:00,2282.1443
2018-05-02 12:00:00,4935.982
2018-05-02 15:00:00,4026.0205
2018-05-02 18:00:00,5885.066
2018-05-02 21:00:00,1160.9447
2018-05-03 00:00:00,2221.9258
2018-05-03 03:00:00,-1992.7905
2018-05-03 06:00:00,-3188.2214
2018-05-03 09:00:00,-937.54376
2018-05-03 12:00:00,-1472.6946
2018-05-03 15:00:00,-1687.1951
2018-05-03 18:00:00,842.3337
2018-05-03 21:00:00,-272.97644
2018-05-04 00:00:00,-355.08072
2018-05-04 03:00:00,-4045.1995
2018-05-04 06:00:00,-3373.7937
2018-05-04 09:00:00,141.2591
2018-05-04 12:00:00,415.75653
2018-05-04 15:00:00,347.0152
2018-05-04 18:00:00,-136.53433
2018-05-04 21:00:00,3656.3328
2018-05-05 00:00:00,6696.9106
2018-05-05 03:00:00,2188.091
2018-05-05 06:00:00,394.06897
2018-05-05 09:00:00,2533.6128
2018-05-05 12:00:00,4025.8164
2018-05-05 15:00:00,3697.1133
2018-05-05 18:00:00,6521.238
2018-05-05 21:00:00,4737.3057
2018-05-06 00:00:00,11328.941
2018-05-06 03:00:00,9951.708
2018-05-06 06:00:00,8682.193
2018-05-06 09:00:00,8943.501
2018-05-06 12:00:00,12772.122
2018-05-06 15:00:00,12283.985
2018-05-06 18:00:00,11030.027
2018-05-06 21:00:00,11509.486
2018-05-07 00:00:00,12544.518
2018-05-07 03:00:00,8538.036
2018-05-07 06:00:00,7510.422
2018-05-07 09:00:00,12025.61
2018-05-07 12:00:00,13504.115
2018-05-07 15:00:00,10329.338
2018-05-07 18:00:00,10603.823
2018-05-07 21:00:00,8497.172
2018-05-08 00:00:00,11859.834
2018-05-08 03:00:00,8708.235
2018-05-08 06:00:00,5573.185
2018-05-08 09:00:00,11835.617
2018-05-08 12:00:00,11038.51
2018-05-08 15:00:00,10704.699
2018-05-08 18:00:00,12148.721
2018-05-08 21:00:00,11456.988
2018-05-09 00:00:00,13248.603
2018-05-09 03:00:00,8285.995
2018-05-09 06:00:00,7245.1494
2018-05-09 09:00:00,11873.969
2018-05-09 12:00:00,12244.684
2018-05-09 15:00:00,11141.57
2018-05-09 18:00:00,10794.615
2018-05-09 21:00:00,11196.673
2018-05-10 00:00:00,11844.253
2018-05-10 03:00:00,7803.001
2018-05-10 06:00:00,7240.9336
2018-05-10 09:00:00,8701.181
2018-05-10 12:00:00,10122.735
2018-05-10 15:00:00,9210.841
2018-05-10 18:00:00,12019.974
2018-05-10 21:00:00,14078.993
2018-05-11 00:00:00,14499.248
2018-05-11 03:00:00,8747.583
2018-05-11 06:00:00,9341.948
2018-05-11 09:00:00,12458.453
2018-05-11 12:00:00,11995.961
2018-05-11 15:00:00,11697.786
2018-05-11 18:00:00,10729.397
2018-05-11 21:00:00,12000.224
2018-05-12 00:00:00,13489.927
2018-05-12 03:00:00,12407.63
2018-05-12 06:00:00,9424.937
2018-05-12 09:00:00,7678.384
2018-05-12 12:00:00,13248.36
2018-05-12 15:00:00,11529.801
2018-05-12 18:00:00,8692.389
2018-05-12 21:00:00,7384.376
2018-05-13 00:00:00,4798.068
2018-05-13 03:00:00,1005.091
2018-05-13 06:00:00,-1826.3302
2018-05-13 09:00:00,7563.7964
2018-05-13 12:00:00,6545.7305
2018-05-13 15:00:00,975.2199
2018-05-13 18:00:00,610.88947
2018-05-13 21:00:00,8950.896
2018-05-14 00:00:00,6998.9834
2018-05-14 03:00:00,3683.0022
2018-05-14 06:00:00,5875.08
2018-05-14 09:00:00,5491.8843
2018-05-14 12:00:00,3304.7183
2018-05-14 15:00:00,1854.2916
2018-05-14 18:00:00,-118.061554
2018-05-14 21:00:00,4877.1714
2018-05-15 00:00:00,9659.76
2018-05-15 03:00:00,6324.315
2018-05-15 06:00:00,4368.4834
2018-05-15 09:00:00,6459.2036
2018-05-15 12:00:00,3181.8928
2018-05-15 15:00:00,2829.6152
2018-05-15 18:00:00,514.0523
2018-05-15 21:00:00,4732.6978
2018-05-16 00:00:00,10296.787
2018-05-16 03:00:00,3065.607
2018-05-16 06:00:00,3964.9531
2018-05-16 09:00:00,8152.543
2018-05-16 12:00:00,7545.8027
2018-05-16 15:00:00,6404.4976
2018-05-16 18:00:00,3405.7988
2018-05-16 21:00:00,5308.075
2018-05-17 00:00:00,10530.217
2018-05-17 03:00:00,9050.132
2018-05-17 06:00:00,7263.9863
2018-05-17 09:00:00,8921.952
2018-05-17 12:00:00,10655.402
2018-05-17 15:00:00,7943.189
2018-05-17 18:00:00,7189.6895
2018-05-17 21:00:00,8740.834
2018-05-18 00:00:00,12010.882
2018-05-18 03:00:00,7602.686
2018-05-18 06:00:00,7320.5063
2018-05-18 09:00:00,10296.234
2018-05-18 12:00:00,8706.448
2018-05-18 15:00:00,7918.811
2018-05-18 18:00:00,7877.1235
2018-05-18 21:00:00,9813.999
2018-05-19 00:00:00,11996.774
2018-05-19 03:00:00,4568.004
2018-05-19 06:00:00,6324.6255
2018-05-19 09:00:00,9036.931
2018-05-19 12:00:00,10744.906
2018-05-19 15:00:00,8892.644
2018-05-19 18:00:00,5536.3506
2018-05-19 21:00:00,9549.485
2018-05-20 00:00:00,10717.217
2018-05-20 03:00:00,7848.9
2018-05-20 06:00:00,7450.5225
2018-05-20 09:00:00,10681.427
2018-05-20 12:00:00,8342.986
2018-05-20 15:00:00,7808.7236
2018-05-20 18:00:00,6282.6064
2018-05-20 21:00:00,6909.8525
2018-05-21 00:00:00,10757.09
2018-05-21 03:00:00,5124.4727
2018-05-21 06:00:00,5225.2793
2018-05-21 09:00:00,10922.148
2018-05-21 12:00:00,10691.444
2018-05-21 15:00:00,6806.5894
2018-05-21 18:00:00,6720.3125
2018-05-21 21:00:00,7912.8833
2018-05-22 00:00:00,10534.07
2018-05-22 03:00:00,5400.9766
2018-05-22 06:00:00,4828.168
2018-05-22 09:00:00,8402.253
2018-05-22 12:00:00,7152.095
2018-05-22 15:00:00,8296.416
2018-05-22 18:00:00,8541.713
2018-05-22 21:00:00,11662.878
2018-05-23 00:00:00,11683.384
2018-05-23 03:00:00,7730.12
2018-05-23 06:00:00,4892.181
2018-05-23 09:00:00,12093.226
2018-05-23 12:00:00,10322.192
2018-05-23 15:00:00,11887.626
2018-05-23 18:00:00,9430.313
2018-05-23 21:00:00,10248.97
2018-05-24 00:00:00,10461.565
2018-05-24 03:00:00,6481.721
2018-05-24 06:00:00,6028.024
2018-05-24 09:00:00,9306.574
2018-05-24 12:00:00,10675.105
2018-05-24 15:00:00,8413.216
2018-05-24 18:00:00,8361.422
2018-05-24 21:00:00,10400.645
2018-05-25 00:00:00,11516.927
2018-05-25 03:00:00,8019.8726
2018-05-25 06:00:00,3640.6624
2018-05-25 09:00:00,9043.428
2018-05-25 12:00:00,13891.925
2018-05-25 15:00:00,9886.822
2018-05-25 18:00:00,7825.846
2018-05-25 21:00:00,7632.327
2018-05-26 00:00:00,9684.783
2018-05-26 03:00:00,5343.106
2018-05-26 06:00:00,5681.6816
2018-05-26 09:00:00,9590.952
2018-05-26 12:00:00,8407.612
2018-05-26 15:00:00,7409.2983
2018-05-26 18:00:00,7574.2646
2018-05-26 21:00:00,7041.088
2018-05-27 00:00:00,10058.357
2018-05-27 03:00:00,5600.445
2018-05-27 06:00:00,6438.338
2018-05-27 09:00:00,9614.677
2018-05-27 12:00:00,11066.453
2018-05-27 15:00:00,9737.871
2018-05-27 18:00:00,7060.1323
2018-05-27 21:00:00,8907.424
2018-05-28 00:00:00,11141.69
2018-05-28 03:00:00,5925.72
2018-05-28 06:00:00,3098.9658
2018-05-28 09:00:00,7182.2236
2018-05-28 12:00:00,10095.101
2018-05-28 15:00:00,10695.694
2018-05-28 18:00:00,9076.687
2018-05-28 21:00:00,7883.9985
2018-05-29 00:00:00,13776.233
2018-05-29 03:00:00,6653.633
2018-05-29 06:00:00,6116.044
2018-05-29 09:00:00,8901.622
2018-05-29 12:00:00,7124.506
2018-05-29 15:00:00,8816.036
2018-05-29 18:00:00,7701.508
2018-05-29 21:00:00,9728.143
2018-05-30 00:00:00,10577.694
2018-05-30 03:00:00,5628.2397
2018-05-30 06:00:00,5052.6875
2018-05-30 09:00:00,10240.519
2018-05-30 12:00:00,8937.902
2018-05-30 15:00:00,2902.579
2018-05-30 18:00:00,4641.2476
2018-05-30 21:00:00,8612.4795
2018-05-31 00:00:00,8033.3975
2018-05-31 03:00:00,6886.3164
2018-05-31 06:00:00,8054.213
2018-05-31 09:00:00,10576.958
2018-05-31 12:00:00,11898.897
2018-05-31 15:00:00,10830.006
2018-05-31 18:00:00,11911.677
2018-05-31 21:00:00,10197.897
2018-06-01 00:00:00,8957.022
2018-06-01 03:00:00,4388.9863
2018-06-01 06:00:00,1460.301
2018-06-01 09:00:00,6661.116
2018-06-01 12:00:00,6558.1333
2018-06-01 15:00:00,10001.836
2018-06-01 18:00:00,8717.183
2018-06-01 21:00:00,10758.9
2018-06-02 00:00:00,9138.91
2018-06-02 03:00:00,2177.6865
2018-06-02 06:00:00,3456.838
2018-06-02 09:00:00,6369.0874
2018-06-02 12:00:00,9490.252
2018-06-02 15:00:00,9318.865
2018-06-02 18:00:00,7640.732
2018-06-02 21:00:00,8304.951
2018-06-03 00:00:00,5824.425
2018-06-03 03:00:00,2512.0208
2018-06-03 06:00:00,-1296.7345
2018-06-03 09:00:00,4400.5493
2018-06-03 12:00:00,4061.2932
2018-06-03 15:00:00,3415.6147
2018-06-03 18:00:00,4719.9624
2018-06-03 21:00:00,6134.2183
2018-06-04 00:00:00,3884.6353
2018-06-04 03:00:00,1177.9625
2018-06-04 06:00:00,340.83044
2018-06-04 09:00:00,4066.6223
2018-06-04 12:00:00,3427.8254
2018-06-04 15:00:00,4770.241
2018-06-04 18:00:00,2377.197
2018-06-04 21:00:00,2691.3604
2018-06-05 00:00:00,4879.729
2018-06-05 03:00:00,1872.1709
2018-06-05 06:00:00,-90.85735
2018-06-05 09:00:00,5966.4673
2018-06-05 12:00:00,7368.2866
2018-06-05 15:00:00,7618.9204
2018-06-05 18:00:00,2409.2722
2018-06-05 21:00:00,3343.191
2018-06-06 00:00:00,11144.156
2018-06-06 03:00:00,5932.35
2018-06-06 06:00:00,6704.711
2018-06-06 09:00:00,9182.696
2018-06-06 12:00:00,12526.132
2018-06-06 15:00:00,12345.76
2018-06-06 18:00:00,12079.882
2018-06-06 21:00:00,12414.835
2018-06-07 00:00:00,13380.022
2018-06-07 03:00:00,9675.253
2018-06-07 06:00:00,8440.631
2018-06-07 09:00:00,13166.708
2018-06-07 12:00:00,14701.866
2018-06-07 15:00:00,12019.941
2018-06-07 18:00:00,9365.522
2018-06-07 21:00:00,12537.799
2018-06-08 00:00:00,12368.9375
2018-06-08 03:00:00,9967.294
2018-06-08 06:00:00,8365.428
2018-06-08 09:00:00,12984.816
2018-06-08 12:00:00,10875.169
2018-06-08 15:00:00,11769.424
2018-06-08 18:00:00,11374.823
2018-06-08 21:00:00,11341.025
2018-06-09 00:00:00,14007.951
2018-06-09 03:00:00,9360.399
2018-06-09 06:00:00,8432.158
2018-06-09 09:00:00,12466.151
2018-06-09 12:00:00,13434.322
2018-06-09 15:00:00,11273.818
2018-06-09 18:00:00,9270.571
2018-06-09 21:00:00,11200.303
2018-06-10 00:00:00,10737.797
2018-06-10 03:00:00,8431.51
2018-06-10 06:00:00,7013.8477
2018-06-10 09:00:00,12365.218
2018-06-10 12:00:00,12350.045
2018-06-10 15:00:00,10332.402
2018-06-10 18:00:00,11106.829
2018-06-10 21:00:00,12360.215
2018-06-11 00:00:00,12614.488
2018-06-11 03:00:00,6921.8364
2018-06-11 06:00:00,6539.9175
2018-06-11 09:00:00,8530.715
2018-06-11 12:00:00,12043.438
2018-06-11 15:00:00,11504.842
2018-06-11 18:00:00,9575.462
2018-06-11 21:00:00,10171.468
2018-06-12 00:00:00,11431.959
2018-06-12 03:00:00,9109.927
2018-06-12 06:00:00,5032.278
2018-06-12 09:00:00,9919.771
2018-06-12 12:00:00,11745.636
2018-06-12 15:00:00,12979.691
2018-06-12 18:00:00,11551.009
2018-06-12 21:00:00,11462.579
2018-06-13 00:00:00,6854.497
2018-06-13 03:00:00,3374.6433
2018-06-13 06:00:00,2500.1272
2018-06-13 09:00:00,5863.9956
2018-06-13 12:00:00,5978.796
2018-06-13 15:00:00,6760.3735
2018-06-13 18:00:00,5102.3926
2018-06-13 21:00:00,4257.1934
2018-06-14 00:00:00,6440.2607
2018-06-14 03:00:00,5101.935
2018-06-14 06:00:00,1867.1528
2018-06-14 09:00:00,6696.361
2018-06-14 12:00:00,7422.8247
2018-06-14 15:00:00,6344.288
2018-06-14 18:00:00,7612.2095
2018-06-14 21:00:00,8834.752
2018-06-15 00:00:00,9785.259
2018-06-15 03:00:00,4663.999
2018-06-15 06:00:00,4688.4204
2018-06-15 09:00:00,6819.78
2018-06-15 12:00:00,10501.217
2018-06-15 15:00:00,7854.179
2018-06-15 18:00:00,4836.6743
2018-06-15 21:00:00,10860.905
2018-06-16 00:00:00,11484.379
2018-06-16 03:00:00,7548.776
2018-06-16 06:00:00,5016.434
2018-06-16 09:00:00,10824.111
2018-06-16 12:00:00,12141.302
2018-06-16 15:00:00,11975.636
2018-06-16 18:00:00,7041.1626
2018-06-16 21:00:00,11399.946
2018-06-17 00:00:00,11072.837
2018-06-17 03:00:00,4369.159
2018-06-17 06:00:00,5052.9497
2018-06-17 09:00:00,10529.784
2018-06-17 12:00:00,12532.528
2018-06-17 15:00:00,11445.844
2018-06-17 18:00:00,9994.889
2018-06-17 21:00:00,9839.96
2018-06-18 00:00:00,9796.308
2018-06-18 03:00:00,6163.0557
2018-06-18 06:00:00,6286.345
2018-06-18 09:00:00,8511.926
2018-06-18 12:00:00,9911.541
2018-06-18 15:00:00,9376.292
2018-06-18 18:00:00,9851.724
2018-06-18 21:00:00,9134.123
2018-06-19 00:00:00,10273.882
2018-06-19 03:00:00,7227.4995
2018-06-19 06:00:00,6681.9404
2018-06-19 09:00:00,7962.2104
2018-06-19 12:00:00,8191.133
2018-06-19 15:00:00,9430.886
2018-06-19 18:00:00,10157.737
2018-06-19 21:00:00,12541.839
2018-06-20 00:00:00,13638.72
2018-06-20 03:00:00,9594.911
2018-06-20 06:00:00,7232.273
2018-06-20 09:00:00,12479.883
2018-06-20 12:00:00,14438.355
2018-06-20 15:00:00,11886.207
2018-06-20 18:00:00,12655.275
2018-06-20 21:00:00,15321.094
2018-06-21 00:00:00,15243.596
2018-06-21 03:00:00,10862.897
2018-06-21 06:00:00,8442.543
2018-06-21 09:00:00,11193.239
2018-06-21 12:00:00,13666.65
2018-06-21 15:00:00,14108.673
2018-06-21 18:00:00,12090.733
2018-06-21 21:00:00,14907.746
2018-06-22 00:00:00,13118.271
2018-06-22 03:00:00,10036.643
2018-06-22 06:00:00,8707.543
2018-06-22 09:00:00,12779.447
2018-06-22 12:00:00,12540.652
2018-06-22 15:00:00,11507.02
2018-06-22 18:00:00,10162.824
2018-06-22 21:00:00,14049.482
2018-06-23 00:00:00,12557.115
2018-06-23 03:00:00,8977.369
2018-06-23 06:00:00,6360.1865
2018-06-23 09:00:00,11697.319
2018-06-23 12:00:00,13042.296
2018-06-23 15:00:00,12018.302
2018-06-23 18:00:00,13870.968
2018-06-23 21:00:00,13539.443
2018-06-24 00:00:00,14998.92
2018-06-24 03:00:00,9760.95
2018-06-24 06:00:00,5810.126
2018-06-24 09:00:00,12718.363
2018-06-24 12:00:00,13726.428
2018-06-24 15:00:00,12856.312
2018-06-24 18:00:00,15386.734
2018-06-24 21:00:00,15889.004
2018-06-25 00:00:00,16256.018
2018-06-25 03:00:00,10746.67
2018-06-25 06:00:00,8270.113
2018-06-25 09:00:00,12747.46
2018-06-25 12:00:00,13707.992
2018-06-25 15:00:00,14175.489
2018-06-25 18:00:00,14741.481
2018-06-25 21:00:00,14684.358
2018-06-26 00:00:00,15818.679
2018-06-26 03:00:00,11477.542
2018-06-26 06:00:00,10013.651
2018-06-26 09:00:00,13262.869
2018-06-26 12:00:00,13102.416
2018-06-26 15:00:00,13165.106
2018-06-26 18:00:00,13474.307
2018-06-26 21:00:00,15667.445
2018-06-27 00:00:00,14954.253
2018-06-27 03:00:00,11412.442
2018-06-27 06:00:00,8697.815
2018-06-27 09:00:00,13578.61
2018-06-27 12:00:00,14272.964
2018-06-27 15:00:00,12851.9795
2018-06-27 18:00:00,11194.407
2018-06-27 21:00:00,11364.736
2018-06-28 00:00:00,13435.369
2018-06-28 03:00:00,11742.648
2018-06-28 06:00:00,9555.735
2018-06-28 09:00:00,11572.6
2018-06-28 12:00:00,12569.431
2018-06-28 15:00:00,13866.982
2018-06-28 18:00:00,11368.26
2018-06-28 21:00:00,11742.466
2018-06-29 00:00:00,16474.42
2018-06-29 03:00:00,9348.952
2018-06-29 06:00:00,7610.559
2018-06-29 09:00:00,9918.682
2018-06-29 12:00:00,12351.262
2018-06-29 15:00:00,12075.829
2018-06-29 18:00:00,11810.069
2018-06-29 21:00:00,11475.502
2018-06-30 00:00:00,12108.373
2018-06-30 03:00:00,8708.549
2018-06-30 06:00:00,6796.5845
2018-06-30 09:00:00,10736.19
2018-06-30 12:00:00,12508.5
2018-06-30 15:00:00,11782.268
2018-06-30 18:00:00,10128.984
2018-06-30 21:00:00,10281.345
2018-07-01 00:00:00,12184.387
2018-07-01 03:00:00,3601.4766
2018-07-01 06:00:00,-973.1602
2018-07-01 09:00:00,4719.949
2018-07-01 12:00:00,7006.972
2018-07-01 15:00:00,7342.125
2018-07-01 18:00:00,5122.262
2018-07-01 21:00:00,7029.6
2018-07-02 00:00:00,11352.649
2018-07-02 03:00:00,5505.3154
2018-07-02 06:00:00,1134.8469
2018-07-02 09:00:00,3417.147
2018-07-02 12:00:00,7826.1187
2018-07-02 15:00:00,3152.8093
2018-07-02 18:00:00,5516.259
2018-07-02 21:00:00,6696.64
2018-07-03 00:00:00,7393.511
2018-07-03 03:00:00,2620.7344
2018-07-03 06:00:00,-469.37817
2018-07-03 09:00:00,3795.678
2018-07-03 12:00:00,6419.3286
2018-07-03 15:00:00,5710.1875
2018-07-03 18:00:00,5213.686
2018-07-03 21:00:00,5105.006
2018-07-04 00:00:00,6424.0337
2018-07-04 03:00:00,3021.9487
2018-07-04 06:00:00,2323.2441
2018-07-04 09:00:00,3600.5574
2018-07-04 12:00:00,3880.0208
2018-07-04 15:00:00,5213.4263
2018-07-04 18:00:00,2767.3904
2018-07-04 21:00:00,4505.0884
2018-07-05 00:00:00,8696.198
2018-07-05 03:00:00,2712.938
2018-07-05 06:00:00,4634.3955
2018-07-05 09:00:00,5495.7837
2018-07-05 12:00:00,7696.053
2018-07-05 15:00:00,6777.022
2018-07-05 18:00:00,9281.008
2018-07-05 21:00:00,10775.091
2018-07-06 00:00:00,11863.406
2018-07-06 03:00:00,10800.953
2018-07-06 06:00:00,9296.997
2018-07-06 09:00:00,11237.787
2018-07-06 12:00:00,12601.099
2018-07-06 15:00:00,14379.339
2018-07-06 18:00:00,12829.203
2018-07-06 21:00:00,12697.233
2018-07-07 00:00:00,13466.601
2018-07-07 03:00:00,10481.661
2018-07-07 06:00:00,9081.094
2018-07-07 09:00:00,11725.198
2018-07-07 12:00:00,14022.392
2018-07-07 15:00:00,14296.6875
2018-07-07 18:00:00,13608.839
2018-07-07 21:00:00,16537.13
2018-07-08 00:00:00,12022.134
2018-07-08 03:00:00,11695.307
2018-07-08 06:00:00,9056.546
2018-07-08 09:00:00,13117.991
2018-07-08 12:00:00,13028.7
2018-07-08 15:00:00,15837.572
2018-07-08 18:00:00,12065.994
2018-07-08 21:00:00,14503.428
2018-07-09 00:00:00,13180.134
2018-07-09 03:00:00,11965.943
2018-07-09 06:00:00,9668.291
2018-07-09 09:00:00,12893.813
2018-07-09 12:00:00,16069.564
2018-07-09 15:00:00,13356.224
2018-07-09 18:00:00,11682.459
2018-07-09 21:00:00,14576.032
2018-07-10 00:00:00,13184.057
2018-07-10 03:00:00,12040.333
2018-07-10 06:00:00,8540.125
2018-07-10 09:00:00,12648.055
2018-07-10 12:00:00,14080.443
2018-07-10 15:00:00,14045.543
2018-07-10 18:00:00,13328.527
2018-07-10 21:00:00,15397.152
2018-07-11 00:00:00,13916.247
2018-07-11 03:00:00,9654.788
2018-07-11 06:00:00,6937.5396
2018-07-11 09:00:00,11705.07
2018-07-11 12:00:00,14011.055
2018-07-11 15:00:00,13554.706
2018-07-11 18:00:00,14261.916
2018-07-11 21:00:00,14741.354
2018-07-12 00:00:00,14260.859
2018-07-12 03:00:00,10076.61
2018-07-12 06:00:00,8058.902
2018-07-12 09:00:00,12594.986
2018-07-12 12:00:00,13468.093
2018-07-12 15:00:00,15836.031
2018-07-12 18:00:00,16393.283
2018-07-12 21:00:00,16535.742
2018-07-13 00:00:00,13523.366
2018-07-13 03:00:00,8937.092
2018-07-13 06:00:00,9133.14
2018-07-13 09:00:00,10750.311
2018-07-13 12:00:00,14010.051
2018-07-13 15:00:00,13824.486
2018-07-13 18:00:00,14610.557
2018-07-13 21:00:00,16504.85
2018-07-14 00:00:00,15139.593
2018-07-14 03:00:00,10399.008
2018-07-14 06:00:00,8004.4453
2018-07-14 09:00:00,12971.722
2018-07-14 12:00:00,14177.733
2018-07-14 15:00:00,14915.331
2018-07-14 18:00:00,14811.656
2018-07-14 21:00:00,15460.8
2018-07-15 00:00:00,14112.381
2018-07-15 03:00:00,9483.151
2018-07-15 06:00:00,5960.2847
2018-07-15 09:00:00,9887.538
2018-07-15 12:00:00,13426.512
2018-07-15 15:00:00,12145.237
2018-07-15 18:00:00,11616.878
2018-07-15 21:00:00,9404.543
2018-07-16 00:00:00,12798.092
2018-07-16 03:00:00,6113.959
2018-07-16 06:00:00,3224.4392
2018-07-16 09:00:00,3730.069
2018-07-16 12:00:00,6833.319
2018-07-16 15:00:00,10986.462
2018-07-16 18:00:00,6947.6646
2018-07-16 21:00:00,9173.993
2018-07-17 00:00:00,12450.553
2018-07-17 03:00:00,7811.036
2018-07-17 06:00:00,8676.119
2018-07-17 09:00:00,11950.521
2018-07-17 12:00:00,13992.238
2018-07-17 15:00:00,12520.27
2018-07-17 18:00:00,13924.536
2018-07-17 21:00:00,15928.86
2018-07-18 00:00:00,15408.144
2018-07-18 03:00:00,10404.723
2018-07-18 06:00:00,8163.498
2018-07-18 09:00:00,12859.359
2018-07-18 12:00:00,14353.936
2018-07-18 15:00:00,12760.199
2018-07-18 18:00:00,11750.711
2018-07-18 21:00:00,14240.178
2018-07-19 00:00:00,16604.846
2018-07-19 03:00:00,11408.902
2018-07-19 06:00:00,8590.048
2018-07-19 09:00:00,12966.415
2018-07-19 12:00:00,14399.126
2018-07-19 15:00:00,13553.35
2018-07-19 18:00:00,12854.6875
2018-07-19 21:00:00,12657.859
2018-07-20 00:00:00,14091.1875
2018-07-20 03:00:00,8135.682
2018-07-20 06:00:00,6350.603
2018-07-20 09:00:00,11281.024
2018-07-20 12:00:00,11236.238
2018-07-20 15:00:00,13709.723
2018-07-20 18:00:00,12406.087
2018-07-20 21:00:00,12937.453
2018-07-21 00:00:00,13373.945
2018-07-21 03:00:00,11678.721
2018-07-21 06:00:00,6315.2344
2018-07-21 09:00:00,9356.145
2018-07-21 12:00:00,11283.928
2018-07-21 15:00:00,11983.223
2018-07-21 18:00:00,11653.391
2018-07-21 21:00:00,10893.6
2018-07-22 00:00:00,12630.8545
2018-07-22 03:00:00,8398.734
2018-07-22 06:00:00,5990.691
2018-07-22 09:00:00,11747.733
2018-07-22 12:00:00,14702.516
2018-07-22 15:00:00,11484.234
2018-07-22 18:00:00,11774.303
2018-07-22 21:00:00,14569.755
2018-07-23 00:00:00,14709.052
2018-07-23 03:00:00,9580.27
2018-07-23 06:00:00,10043.002
2018-07-23 09:00:00,11688.519
2018-07-23 12:00:00,13859.043
2018-07-23 15:00:00,13102.53
2018-07-23 18:00:00,12777.804
2018-07-23 21:00:00,13115.903
2018-07-24 00:00:00,14676.557
2018-07-24 03:00:00,10808.438
2018-07-24 06:00:00,10319.436
2018-07-24 09:00:00,13321.467
2018-07-24 12:00:00,11486.872
2018-07-24 15:00:00,12408.355
2018-07-24 18:00:00,11060.373
2018-07-24 21:00:00,13578.939
2018-07-25 00:00:00,14166.321
2018-07-25 03:00:00,10612.696
2018-07-25 06:00:00,7382.696
2018-07-25 09:00:00,13494.867
2018-07-25 12:00:00,16509.068
2018-07-25 15:00:00,12820.932
2018-07-25 18:00:00,14767.121
2018-07-25 21:00:00,16423.43
2018-07-26 00:00:00,16660.336
2018-07-26 03:00:00,9854.679
2018-07-26 06:00:00,8434.185
2018-07-26 09:00:00,14156.008
2018-07-26 12:00:00,16177.394
2018-07-26 15:00:00,16555.537
2018-07-26 18:00:00,13483.442
2018-07-26 21:00:00,14408.644
2018-07-27 00:00:00,14470.27
2018-07-27 03:00:00,11301.682
2018-07-27 06:00:00,8309.764
2018-07-27 09:00:00,13856.989
2018-07-27 12:00:00,15436.146
2018-07-27 15:00:00,12312.538
2018-07-27 18:00:00,12404.47
2018-07-27 21:00:00,14102.007
2018-07-28 00:00:00,15503.009
2018-07-28 03:00:00,11865.384
2018-07-28 06:00:00,10339.462
2018-07-28 09:00:00,13715.224
2018-07-28 12:00:00,12934.452
2018-07-28 15:00:00,12552.121
2018-07-28 18:00:00,11478.877
2018-07-28 21:00:00,13226.764
2018-07-29 00:00:00,16499.623
2018-07-29 03:00:00,11025.455
2018-07-29 06:00:00,9986.897
2018-07-29 09:00:00,10742.948
2018-07-29 12:00:00,12620.35
2018-07-29 15:00:00,14042.968
2018-07-29 18:00:00,12769.119
2018-07-29 21:00:00,15497.458
2018-07-30 00:00:00,15604.412
2018-07-30 03:00:00,12850.968
2018-07-30 06:00:00,11096.845
2018-07-30 09:00:00,14932.332
2018-07-30 12:00:00,16427.242
2018-07-30 15:00:00,12514.925
2018-07-30 18:00:00,11971.102
2018-07-30 21:00:00,17592.434
2018-07-31 00:00:00,16060.617
2018-07-31 03:00:00,9785.703
2018-07-31 06:00:00,9031.417
2018-07-31 09:00:00,15003.433
2018-07-31 12:00:00,15291.745
2018-07-31 15:00:00,14543.453
2018-07-31 18:00:00,13887.584
2018-07-31 21:00:00,16947.666
2018-08-01 00:00:00,10425.398
2018-08-01 03:00:00,918.2325
2018-08-01 06:00:00,422.4459
2018-08-01 09:00:00,4887.069
2018-08-01 12:00:00,9523.994
2018-08-01 15:00:00,9911.952
2018-08-01 18:00:00,8339.025
2018-08-01 21:00:00,8538.999
2018-08-02 00:00:00,6530.7344
2018-08-02 03:00:00,2672.9473
2018-08-02 06:00:00,2211.333
2018-08-02 09:00:00,8638.153
2018-08-02 12:00:00,9833.814
2018-08-02 15:00:00,8576.381
2018-08-02 18:00:00,6090.1895
2018-08-02 21:00:00,9945.23
2018-08-03 00:00:00,6476.9717
2018-08-03 03:00:00,2207.7659
2018-08-03 06:00:00,-200.86566
2018-08-03 09:00:00,5846.9834
2018-08-03 12:00:00,7181.104
2018-08-03 15:00:00,5423.5024
2018-08-03 18:00:00,4257.153
2018-08-03 21:00:00,6253.8384
2018-08-04 00:00:00,6733.677
2018-08-04 03:00:00,877.8941
2018-08-04 06:00:00,-1826.005
2018-08-04 09:00:00,5127.9116
2018-08-04 12:00:00,3931.2334
2018-08-04 15:00:00,3182.946
2018-08-04 18:00:00,3729.4744
2018-08-04 21:00:00,7306.49
2018-08-05 00:00:00,7952.2637
2018-08-05 03:00:00,5128.5303
2018-08-05 06:00:00,2291.1738
2018-08-05 09:00:00,6609.687
2018-08-05 12:00:00,6647.4546
2018-08-05 15:00:00,4985.9185
2018-08-05 18:00:00,2813.6555
2018-08-05 21:00:00,9917.332
2018-08-06 00:00:00,13632.805
2018-08-06 03:00:00,8795.423
2018-08-06 06:00:00,9770.623
2018-08-06 09:00:00,12191.497
2018-08-06 12:00:00,13268.343
2018-08-06 15:00:00,11597.766
2018-08-06 18:00:00,11867.7
2018-08-06 21:00:00,11373.1875
2018-08-07 00:00:00,13749.832
2018-08-07 03:00:00,11716.123
2018-08-07 06:00:00,10865.454
2018-08-07 09:00:00,13580.487
2018-08-07 12:00:00,13940.893
2018-08-07 15:00:00,13937.055
2018-08-07 18:00:00,11355.532
2018-08-07 21:00:00,14324.406
2018-08-08 00:00:00,13981.3955
2018-08-08 03:00:00,9010.759
2018-08-08 06:00:00,7860.6636
2018-08-08 09:00:00,10485.35
2018-08-08 12:00:00,13087.323
2018-08-08 15:00:00,13300.817
2018-08-08 18:00:00,10593.361
2018-08-08 21:00:00,12952.171
2018-08-09 00:00:00,15821.462
2018-08-09 03:00:00,9557.083
2018-08-09 06:00:00,8820.233
2018-08-09 09:00:00,10952.636
2018-08-09 12:00:00,12996.186
2018-08-09 15:00:00,11838.173
2018-08-09 18:00:00,10217.932
2018-08-09 21:00:00,10305.332
2018-08-10 00:00:00,12460.581
2018-08-10 03:00:00,8064.6865
2018-08-10 06:00:00,8960.941
2018-08-10 09:00:00,10211.52
2018-08-10 12:00:00,10496.478
2018-08-10 15:00:00,11233.829
2018-08-10 18:00:00,10773.057
2018-08-10 21:00:00,11963.487
2018-08-11 00:00:00,12501.444
2018-08-11 03:00:00,9132.924
2018-08-11 06:00:00,8726.886
2018-08-11 09:00:00,11730.974
2018-08-11 12:00:00,12444.145
2018-08-11 15:00:00,13770.42
2018-08-11 18:00:00,13260.316
2018-08-11 21:00:00,13339.534
2018-08-12 00:00:00,10145.552
2018-08-12 03:00:00,10863.794
2018-08-12 06:00:00,8448.205
2018-08-12 09:00:00,11121.651
2018-08-12 12:00:00,13022.982
2018-08-12 15:00:00,14184.017
2018-08-12 18:00:00,12569.143
2018-08-12 21:00:00,14125.353
2018-08-13 00:00:00,13566.425
2018-08-13 03:00:00,9550.444
2018-08-13 06:00:00,7134.719
2018-08-13 09:00:00,10945.245
2018-08-13 12:00:00,9724.304
2018-08-13 15:00:00,12717.846
2018-08-13 18:00:00,13465.253
2018-08-13 21:00:00,12944.551
2018-08-14 00:00:00,13018.11
2018-08-14 03:00:00,9007.94
2018-08-14 06:00:00,8182.123
2018-08-14 09:00:00,10896.245
2018-08-14 12:00:00,13254.806
2018-08-14 15:00:00,11420.8
2018-08-14 18:00:00,11993.89
2018-08-14 21:00:00,13755.934
2018-08-15 00:00:00,12835.8545
2018-08-15 03:00:00,8960.793
2018-08-15 06:00:00,7590.9624
2018-08-15 09:00:00,10493.035
2018-08-15 12:00:00,12960.132
2018-08-15 15:00:00,13102.661
2018-08-15 18:00:00,13774.5625
2018-08-15 21:00:00,15694.529
2018-08-16 00:00:00,15140.535
2018-08-16 03:00:00,11964.469
2018-08-16 06:00:00,8477.857
2018-08-16 09:00:00,11191.262
2018-08-16 12:00:00,13885.216
2018-08-16 15:00:00,12708.921
2018-08-16 18:00:00,13639.686
2018-08-16 21:00:00,11383.129
2018-08-17 00:00:00,11215.831
2018-08-17 03:00:00,9460.687
2018-08-17 06:00:00,7842.7554
2018-08-17 09:00:00,8142.8022
2018-08-17 12:00:00,11646.834
2018-08-17 15:00:00,11064.073
2018-08-17 18:00:00,13585.275
2018-08-17 21:00:00,10563.251
2018-08-18 00:00:00,10881.034
2018-08-18 03:00:00,6339.761
2018-08-18 06:00:00,4616.1333
2018-08-18 09:00:00,8467.72
2018-08-18 12:00:00,11196.557
2018-08-18 15:00:00,9382.355
2018-08-18 18:00:00,11024.748
2018-08-18 21:00:00,10584.901
2018-08-19 00:00:00,12407.858
2018-08-19 03:00:00,7220.341
2018-08-19 06:00:00,7208.371
2018-08-19 09:00:00,9151.013
2018-08-19 12:00:00,10798.872
2018-08-19 15:00:00,10589.481
2018-08-19 18:00:00,11675.223
2018-08-19 21:00:00,11292.303
2018-08-20 00:00:00,12476.959
2018-08-20 03:00:00,10494.376
2018-08-20 06:00:00,6293.2744
2018-08-20 09:00:00,11745.81
2018-08-20 12:00:00,12606.769
2018-08-20 15:00:00,14557.771
2018-08-20 18:00:00,11471.352
2018-08-20 21:00:00,13385.899
2018-08-21 00:00:00,12964.494
2018-08-21 03:00:00,10165.048
2018-08-21 06:00:00,8953.35
2018-08-21 09:00:00,10961.31
2018-08-21 12:00:00,13848.372
2018-08-21 15:00:00,17718.088
2018-08-21 18:00:00,9839.681
2018-08-21 21:00:00,14535.063
2018-08-22 00:00:00,13596.873
2018-08-22 03:00:00,12470.343
2018-08-22 06:00:00,9818.596
2018-08-22 09:00:00,13190.145
2018-08-22 12:00:00,15338.319
2018-08-22 15:00:00,13876.181
2018-08-22 18:00:00,12233.426
2018-08-22 21:00:00,14308.267
2018-08-23 00:00:00,12317.727
2018-08-23 03:00:00,10754.848
2018-08-23 06:00:00,11425.573
2018-08-23 09:00:00,12780.225
2018-08-23 12:00:00,14077.046
2018-08-23 15:00:00,10958.431
2018-08-23 18:00:00,10753.218
2018-08-23 21:00:00,12797.876
2018-08-24 00:00:00,13853.441
2018-08-24 03:00:00,10722.502
2018-08-24 06:00:00,8140.012
2018-08-24 09:00:00,11421.013
2018-08-24 12:00:00,13727.55
2018-08-24 15:00:00,9042.044
2018-08-24 18:00:00,11289.977
2018-08-24 21:00:00,14010.06
2018-08-25 00:00:00,14031.9375
2018-08-25 03:00:00,7774.065
2018-08-25 06:00:00,6557.812
2018-08-25 09:00:00,11070.75
2018-08-25 12:00:00,13089.848
2018-08-25 15:00:00,10700.567
2018-08-25 18:00:00,12609.391
2018-08-25 21:00:00,10766.566
2018-08-26 00:00:00,14326.181
2018-08-26 03:00:00,12785.515
2018-08-26 06:00:00,8033.0195
2018-08-26 09:00:00,11924.46
2018-08-26 12:00:00,15171.27
2018-08-26 15:00:00,10190.848
2018-08-26 18:00:00,12291.959
2018-08-26 21:00:00,12219.712
2018-08-27 00:00:00,14534.145
2018-08-27 03:00:00,11913.366
2018-08-27 06:00:00,10350.704
2018-08-27 09:00:00,13436.013
2018-08-27 12:00:00,16044.952
2018-08-27 15:00:00,16074.098
2018-08-27 18:00:00,13233.137
2018-08-27 21:00:00,16006.491
2018-08-28 00:00:00,14428.67
2018-08-28 03:00:00,11040.689
2018-08-28 06:00:00,9796.142
2018-08-28 09:00:00,11976.096
2018-08-28 12:00:00,13618.329
2018-08-28 15:00:00,11954.57
2018-08-28 18:00:00,14131.673
2018-08-28 21:00:00,11511.145
2018-08-29 00:00:00,14393.192
2018-08-29 03:00:00,12320.131
2018-08-29 06:00:00,8400.822
2018-08-29 09:00:00,12279.353
2018-08-29 12:00:00,13133.332
2018-08-29 15:00:00,12923.787
2018-08-29 18:00:00,14213.418
2018-08-29 21:00:00,13205.62
2018-08-30 00:00:00,11970.854
2018-08-30 03:00:00,11754.509
2018-08-30 06:00:00,8573.523
2018-08-30 09:00:00,12396.014
2018-08-30 12:00:00,13281.529
2018-08-30 15:00:00,13526.547
2018-08-30 18:00:00,12532.635
2018-08-30 21:00:00,14178.842
2018-08-31 00:00:00,13556.147
2018-08-31 03:00:00,9048.823
2018-08-31 06:00:00,10965.16
2018-08-31 09:00:00,12038.55
2018-08-31 12:00:00,16372.677
2018-08-31 15:00:00,15292.641
2018-08-31 18:00:00,14043.033
2018-08-31 21:00:00,14939.809
2018-09-01 00:00:00,9946.582
2018-09-01 03:00:00,3192.722
2018-09-01 06:00:00,4898.3877
2018-09-01 09:00:00,6005.473
2018-09-01 12:00:00,6217.546
2018-09-01 15:00:00,6164.342
2018-09-01 18:00:00,6926.0195
2018-09-01 21:00:00,9418.228
2018-09-02 00:00:00,9261.734
2018-09-02 03:00:00,5058.609
2018-09-02 06:00:00,3831.561
2018-09-02 09:00:00,6024.5796
2018-09-02 12:00:00,7689.2886
2018-09-02 15:00:00,6220.6084
2018-09-02 18:00:00,5679.8765
2018-09-02 21:00:00,11735.23
2018-09-03 00:00:00,7307.4473
2018-09-03 03:00:00,1701.4276
2018-09-03 06:00:00,550.2885
2018-09-03 09:00:00,4013.5696
2018-09-03 12:00:00,4126.688
2018-09-03 15:00:00,4364.1353
2018-09-03 18:00:00,4629.9224
2018-09-03 21:00:00,6309.2476
2018-09-04 00:00:00,9601.607
2018-09-04 03:00:00,601.4805
2018-09-04 06:00:00,363.57928
2018-09-04 09:00:00,4393.6133
2018-09-04 12:00:00,6039.927
2018-09-04 15:00:00,3978.531
2018-09-04 18:00:00,3375.5076
2018-09-04 21:00:00,3765.9011
2018-09-05 00:00:00,8438.689
2018-09-05 03:00:00,3792.2607
2018-09-05 06:00:00,1310.404
2018-09-05 09:00:00,6080.7188
2018-09-05 12:00:00,9226.087
2018-09-05 15:00:00,8631.391
2018-09-05 18:00:00,7094.093
2018-09-05 21:00:00,9365.425
2018-09-06 00:00:00,13658.685
2018-09-06 03:00:00,10789.671
2018-09-06 06:00:00,9335.499
2018-09-06 09:00:00,12213.564
2018-09-06 12:00:00,12138.457
2018-09-06 15:00:00,12023.665
2018-09-06 18:00:00,10848.696
2018-09-06 21:00:00,10486.723
2018-09-07 00:00:00,13701.831
2018-09-07 03:00:00,10967.151
2018-09-07 06:00:00,8756.277
2018-09-07 09:00:00,11616.611
2018-09-07 12:00:00,12695.17
2018-09-07 15:00:00,11800.765
2018-09-07 18:00:00,13455.307
2018-09-07 21:00:00,12739.358
2018-09-08 00:00:00,13544.453
2018-09-08 03:00:00,9790.4795
2018-09-08 06:00:00,9124.839
2018-09-08 09:00:00,12339.602
2018-09-08 12:00:00,13617.529
2018-09-08 15:00:00,13212.696
2018-09-08 18:00:00,12731.624
2018-09-08 21:00:00,12910.356
2018-09-09 00:00:00,11850.47
2018-09-09 03:00:00,11797.194
2018-09-09 06:00:00,11065.812
2018-09-09 09:00:00,13888.415
2018-09-09 12:00:00,11991.339
2018-09-09 15:00:00,14776.067
2018-09-09 18:00:00,12584.334
2018-09-09 21:00:00,14921.259
2018-09-10 00:00:00,14645.35
2018-09-10 03:00:00,11107.74
2018-09-10 06:00:00,10029.353
2018-09-10 09:00:00,13005.62
2018-09-10 12:00:00,13092.33
2018-09-10 15:00:00,10961.225
2018-09-10 18:00:00,10522.358
2018-09-10 21:00:00,12780.989
2018-09-11 00:00:00,13433.567
2018-09-11 03:00:00,9466.847
2018-09-11 06:00:00,10024.9375
2018-09-11 09:00:00,11615.323
2018-09-11 12:00:00,12008.304
2018-09-11 15:00:00,13081.177
2018-09-11 18:00:00,12346.143
2018-09-11 21:00:00,12132.3125
2018-09-12 00:00:00,15813.406
2018-09-12 03:00:00,13346.346
2018-09-12 06:00:00,11268.569
2018-09-12 09:00:00,13005.446
2018-09-12 12:00:00,16022.759
2018-09-12 15:00:00,12581.122
2018-09-12 18:00:00,13604.569
2018-09-12 21:00:00,13023.347
2018-09-13 00:00:00,13530.977
2018-09-13 03:00:00,10362.143
2018-09-13 06:00:00,9775.493
2018-09-13 09:00:00,11968.518
2018-09-13 12:00:00,13386.873
2018-09-13 15:00:00,13594.233
2018-09-13 18:00:00,14753.938
2018-09-13 21:00:00,14396.465
2018-09-14 00:00:00,14244.559
2018-09-14 03:00:00,10812.35
2018-09-14 06:00:00,9133.5205
2018-09-14 09:00:00,13538.447
2018-09-14 12:00:00,13824.542
2018-09-14 15:00:00,13748.608
2018-09-14 18:00:00,12312.084
2018-09-14 21:00:00,13212.8955
2018-09-15 00:00:00,13763.03
2018-09-15 03:00:00,8295.353
2018-09-15 06:00:00,10137.786
2018-09-15 09:00:00,11180.796
2018-09-15 12:00:00,14525.918
2018-09-15 15:00:00,10025.276
2018-09-15 18:00:00,12776.022
2018-09-15 21:00:00,15233.691
2018-09-16 00:00:00,14148.919
2018-09-16 03:00:00,12093.663
2018-09-16 06:00:00,9510.565
2018-09-16 09:00:00,10981.793
2018-09-16 12:00:00,13024.3955
2018-09-16 15:00:00,11918.558
2018-09-16 18:00:00,14668.061
2018-09-16 21:00:00,12640.87
2018-09-17 00:00:00,13610.108
2018-09-17 03:00:00,10468.824
2018-09-17 06:00:00,9874.672
2018-09-17 09:00:00,10412.681
2018-09-17 12:00:00,12931.714
2018-09-17 15:00:00,12945.756
2018-09-17 18:00:00,13453.066
2018-09-17 21:00:00,15535.746
2018-09-18 00:00:00,11634.084
2018-09-18 03:00:00,10356.053
2018-09-18 06:00:00,10074.526
2018-09-18 09:00:00,14065.902
2018-09-18 12:00:00,13843.107
2018-09-18 15:00:00,14224.235
2018-09-18 18:00:00,13482.648
2018-09-18 21:00:00,13690.241
2018-09-19 00:00:00,15044.298
2018-09-19 03:00:00,11574.86
2018-09-19 06:00:00,9255.953
2018-09-19 09:00:00,12864.25
2018-09-19 12:00:00,14462.78
2018-09-19 15:00:00,14274.768
2018-09-19 18:00:00,11474.946
2018-09-19 21:00:00,14593.057
2018-09-20 00:00:00,11474.303
2018-09-20 03:00:00,9491.768
2018-09-20 06:00:00,9555.411
2018-09-20 09:00:00,11719.046
2018-09-20 12:00:00,13848.139
2018-09-20 15:00:00,13296.245
2018-09-20 18:00:00,11908.756
2018-09-20 21:00:00,14330.172
2018-09-21 00:00:00,12889.105
2018-09-21 03:00:00,9542.422
2018-09-21 06:00:00,8075.241
2018-09-21 09:00:00,12974.786
2018-09-21 12:00:00,14303.046
2018-09-21 15:00:00,12787.061
2018-09-21 18:00:00,13695.788
2018-09-21 21:00:00,12024.89
2018-09-22 00:00:00,13936.816
2018-09-22 03:00:00,9471.111
2018-09-22 06:00:00,7511.2925
2018-09-22 09:00:00,12109.475
2018-09-22 12:00:00,13418.558
2018-09-22 15:00:00,11330.901
2018-09-22 18:00:00,11424.92
2018-09-22 21:00:00,11847.493
2018-09-23 00:00:00,13973.722
2018-09-23 03:00:00,9383.119
2018-09-23 06:00:00,10285.851
2018-09-23 09:00:00,12281.392
2018-09-23 12:00:00,12939.575
2018-09-23 15:00:00,12915.385
2018-09-23 18:00:00,10368.0205
2018-09-23 21:00:00,11682.283
2018-09-24 00:00:00,11489.705
2018-09-24 03:00:00,6337.3633
2018-09-24 06:00:00,8679.519
2018-09-24 09:00:00,7840.9053
2018-09-24 12:00:00,7686.7383
2018-09-24 15:00:00,10575.15
2018-09-24 18:00:00,8230.784
2018-09-24 21:00:00,8536.05
2018-09-25 00:00:00,13057.14
2018-09-25 03:00:00,8245.08
2018-09-25 06:00:00,5577.2344
2018-09-25 09:00:00,7356.68
2018-09-25 12:00:00,6700.7734
2018-09-25 15:00:00,8274.676
2018-09-25 18:00:00,8016.8335
2018-09-25 21:00:00,10801.238
2018-09-26 00:00:00,12644.328
2018-09-26 03:00:00,8576.94
2018-09-26 06:00:00,6698.25
2018-09-26 09:00:00,11350.995
2018-09-26 12:00:00,9447.577
2018-09-26 15:00:00,11465.505
2018-09-26 18:00:00,9625.254
2018-09-26 21:00:00,10134.667
2018-09-27 00:00:00,11020.296
2018-09-27 03:00:00,7534.878
2018-09-27 06:00:00,4636.208
2018-09-27 09:00:00,9989.521
2018-09-27 12:00:00,12131.149
2018-09-27 15:00:00,12124.106
2018-09-27 18:00:00,8680.596
2018-09-27 21:00:00,15098.116
2018-09-28 00:00:00,12467.936
2018-09-28 03:00:00,12082.184
2018-09-28 06:00:00,8213.701
2018-09-28 09:00:00,11896.0
2018-09-28 12:00:00,12687.701
2018-09-28 15:00:00,12588.188
2018-09-28 18:00:00,11209.52
2018-09-28 21:00:00,14257.32
2018-09-29 00:00:00,11542.366
2018-09-29 03:00:00,10641.457
2018-09-29 06:00:00,6235.7534
2018-09-29 09:00:00,12015.008
2018-09-29 12:00:00,14479.119
2018-09-29 15:00:00,13065.043
2018-09-29 18:00:00,13649.645
2018-09-29 21:00:00,15357.764
2018-09-30 00:00:00,16827.799
2018-09-30 03:00:00,11804.222
2018-09-30 06:00:00,9404.427
2018-09-30 09:00:00,12110.74
2018-09-30 12:00:00,13514.781
2018-09-30 15:00:00,14665.783
2018-09-30 18:00:00,9506.217
2018-09-30 21:00:00,14753.51
2018-10-01 00:00:00,10424.124
2018-10-01 03:00:00,3868.3337
2018-10-01 06:00:00,2904.1746
2018-10-01 09:00:00,5754.93
2018-10-01 12:00:00,5437.6274
2018-10-01 15:00:00,4509.5684
2018-10-01 18:00:00,6340.817
2018-10-01 21:00:00,7069.8164
2018-10-02 00:00:00,6578.1836
2018-10-02 03:00:00,2946.3665
2018-10-02 06:00:00,-65.25528
2018-10-02 09:00:00,6567.3936
2018-10-02 12:00:00,5045.81
2018-10-02 15:00:00,2722.706
2018-10-02 18:00:00,5101.1187
2018-10-02 21:00:00,5538.78
2018-10-03 00:00:00,4907.2188
2018-10-03 03:00:00,2607.511
2018-10-03 06:00:00,-1299.6852
2018-10-03 09:00:00,3945.1116
2018-10-03 12:00:00,5286.8125
2018-10-03 15:00:00,2769.7644
2018-10-03 18:00:00,816.3879
2018-10-03 21:00:00,6093.783
2018-10-04 00:00:00,4243.037
2018-10-04 03:00:00,4246.576
2018-10-04 06:00:00,-2070.5037
2018-10-04 09:00:00,3132.577
2018-10-04 12:00:00,6525.145
2018-10-04 15:00:00,2048.9868
2018-10-04 18:00:00,6010.844
2018-10-04 21:00:00,5164.8574
2018-10-05 00:00:00,7566.097
2018-10-05 03:00:00,3268.5637
2018-10-05 06:00:00,1847.3257
2018-10-05 09:00:00,7123.946
2018-10-05 12:00:00,8071.4897
2018-10-05 15:00:00,3719.5815
2018-10-05 18:00:00,3815.1401
2018-10-05 21:00:00,8437.316
2018-10-06 00:00:00,12827.33
2018-10-06 03:00:00,9089.499
2018-10-06 06:00:00,6982.2437
2018-10-06 09:00:00,12416.698
2018-10-06 12:00:00,13800.446
2018-10-06 15:00:00,9623.076
2018-10-06 18:00:00,8055.3057
2018-10-06 21:00:00,9817.551
2018-10-07 00:00:00,10687.837
2018-10-07 03:00:00,6495.713
2018-10-07 06:00:00,3923.1125
2018-10-07 09:00:00,9969.768
2018-10-07 12:00:00,9415.75
2018-10-07 15:00:00,8136.7495
2018-10-07 18:00:00,5543.77
2018-10-07 21:00:00,11722.852
2018-10-08 00:00:00,9857.757
2018-10-08 03:00:00,9309.2
2018-10-08 06:00:00,8846.384
2018-10-08 09:00:00,10857.34
2018-10-08 12:00:00,11992.33
2018-10-08 15:00:00,12921.019
2018-10-08 18:00:00,13132.423
2018-10-08 21:00:00,15089.502
2018-10-09 00:00:00,13792.509
2018-10-09 03:00:00,8735.735
2018-10-09 06:00:00,8562.984
2018-10-09 09:00:00,12095.245
2018-10-09 12:00:00,13752.661
2018-10-09 15:00:00,14621.317
2018-10-09 18:00:00,11185.454
2018-10-09 21:00:00,12790.902
2018-10-10 00:00:00,12199.289
2018-10-10 03:00:00,10185.94
2018-10-10 06:00:00,8317.485
2018-10-10 09:00:00,12235.083
2018-10-10 12:00:00,13362.138
2018-10-10 15:00:00,13940.69
2018-10-10 18:00:00,10790.637
2018-10-10 21:00:00,13950.772
2018-10-11 00:00:00,12919.339
2018-10-11 03:00:00,8617.247
2018-10-11 06:00:00,8818.847
2018-10-11 09:00:00,12005.68
2018-10-11 12:00:00,12623.918
2018-10-11 15:00:00,11329.542
2018-10-11 18:00:00,11084.53
2018-10-11 21:00:00,14135.388
2018-10-12 00:00:00,16077.365
2018-10-12 03:00:00,10471.756
2018-10-12 06:00:00,9210.814
2018-10-12 09:00:00,12323.356
2018-10-12 12:00:00,13375.573
2018-10-12 15:00:00,13315.15
2018-10-12 18:00:00,11961.185
2018-10-12 21:00:00,13470.193
2018-10-13 00:00:00,12834.065
2018-10-13 03:00:00,7541.451
2018-10-13 06:00:00,6136.023
2018-10-13 09:00:00,11477.714
2018-10-13 12:00:00,11941.626
2018-10-13 15:00:00,10659.359
2018-10-13 18:00:00,11975.432
2018-10-13 21:00:00,11885.234
2018-10-14 00:00:00,9908.602
2018-10-14 03:00:00,4862.4937
2018-10-14 06:00:00,6862.144
2018-10-14 09:00:00,8314.5
2018-10-14 12:00:00,9016.2
2018-10-14 15:00:00,11370.651
2018-10-14 18:00:00,6835.1235
2018-10-14 21:00:00,6463.4346
2018-10-15 00:00:00,7736.2505
2018-10-15 03:00:00,6045.756
2018-10-15 06:00:00,5897.4707
2018-10-15 09:00:00,8208.0205
2018-10-15 12:00:00,9172.323
2018-10-15 15:00:00,8945.935
2018-10-15 18:00:00,7871.4053
2018-10-15 21:00:00,8619.349
2018-10-16 00:00:00,11915.959
2018-10-16 03:00:00,8323.566
2018-10-16 06:00:00,8792.862
2018-10-16 09:00:00,11659.612
2018-10-16 12:00:00,15426.773
2018-10-16 15:00:00,11832.296
2018-10-16 18:00:00,12694.856
2018-10-16 21:00:00,13924.65
2018-10-17 00:00:00,13861.037
2018-10-17 03:00:00,10457.867
2018-10-17 06:00:00,9429.418
2018-10-17 09:00:00,14534.1045
2018-10-17 12:00:00,15357.7
2018-10-17 15:00:00,10261.607
2018-10-17 18:00:00,10060.006
2018-10-17 21:00:00,12810.787
2018-10-18 00:00:00,11117.933
2018-10-18 03:00:00,9086.568
2018-10-18 06:00:00,5309.0034
2018-10-18 09:00:00,12780.2295
2018-10-18 12:00:00,12431.823
2018-10-18 15:00:00,11232.816
2018-10-18 18:00:00,10986.791
2018-10-18 21:00:00,14293.011
2018-10-19 00:00:00,10694.546
2018-10-19 03:00:00,6592.199
2018-10-19 06:00:00,7170.646
2018-10-19 09:00:00,11770.007
2018-10-19 12:00:00,15607.753
2018-10-19 15:00:00,14372.41
2018-10-19 18:00:00,12872.926
2018-10-19 21:00:00,14017.497
2018-10-20 00:00:00,13805.648
2018-10-20 03:00:00,10779.911
2018-10-20 06:00:00,8728.665
2018-10-20 09:00:00,13689.114
2018-10-20 12:00:00,16248.277
2018-10-20 15:00:00,13561.403
2018-10-20 18:00:00,13563.082
2018-10-20 21:00:00,12719.987
2018-10-21 00:00:00,12160.75
2018-10-21 03:00:00,9206.692
2018-10-21 06:00:00,5222.909
2018-10-21 09:00:00,11205.088
2018-10-21 12:00:00,14653.3955
2018-10-21 15:00:00,13726.641
2018-10-21 18:00:00,11860.215
2018-10-21 21:00:00,12741.735
2018-10-22 00:00:00,13810.228
2018-10-22 03:00:00,8620.062
2018-10-22 06:00:00,8527.976
2018-10-22 09:00:00,11910.319
2018-10-22 12:00:00,9845.78
2018-10-22 15:00:00,11096.333
2018-10-22 18:00:00,8092.068
2018-10-22 21:00:00,11556.198
2018-10-23 00:00:00,13095.659
2018-10-23 03:00:00,9808.991
2018-10-23 06:00:00,10090.03
2018-10-23 09:00:00,12669.907
2018-10-23 12:00:00,13417.2705
2018-10-23 15:00:00,11618.656
2018-10-23 18:00:00,10994.712
2018-10-23 21:00:00,11950.6455
2018-10-24 00:00:00,11821.231
2018-10-24 03:00:00,8774.748
2018-10-24 06:00:00,6740.072
2018-10-24 09:00:00,10486.802
2018-10-24 12:00:00,11458.968
2018-10-24 15:00:00,11352.984
2018-10-24 18:00:00,12865.547
2018-10-24 21:00:00,12304.347
2018-10-25 00:00:00,13715.086
2018-10-25 03:00:00,10481.113
2018-10-25 06:00:00,10584.356
2018-10-25 09:00:00,13574.401
2018-10-25 12:00:00,14509.086
2018-10-25 15:00:00,14216.643
2018-10-25 18:00:00,11599.932
2018-10-25 21:00:00,14167.562
2018-10-26 00:00:00,14958.626
2018-10-26 03:00:00,8945.41
2018-10-26 06:00:00,6905.4263
2018-10-26 09:00:00,11537.56
2018-10-26 12:00:00,13800.616
2018-10-26 15:00:00,11145.993
2018-10-26 18:00:00,11105.042
2018-10-26 21:00:00,12192.803
2018-10-27 00:00:00,13974.419
2018-10-27 03:00:00,7218.3115
2018-10-27 06:00:00,8433.053
2018-10-27 09:00:00,11278.403
2018-10-27 12:00:00,10574.957
2018-10-27 15:00:00,12820.787
2018-10-27 18:00:00,10847.922
2018-10-27 21:00:00,9785.619
2018-10-28 00:00:00,9432.36
2018-10-28 03:00:00,7299.1826
2018-10-28 06:00:00,5288.211
2018-10-28 09:00:00,8681.296
2018-10-28 12:00:00,11808.865
2018-10-28 15:00:00,9431.191
2018-10-28 18:00:00,7912.62
2018-10-28 21:00:00,8684.209
2018-10-29 00:00:00,9476.195
2018-10-29 03:00:00,5225.333
2018-10-29 06:00:00,1162.9365
2018-10-29 09:00:00,1837.6007
2018-10-29 12:00:00,3561.044
2018-10-29 15:00:00,2957.6196
2018-10-29 18:00:00,1682.2604
2018-10-29 21:00:00,4474.6045
2018-10-30 00:00:00,6719.8
2018-10-30 03:00:00,2928.1072
2018-10-30 06:00:00,1236.4592
2018-10-30 09:00:00,4914.2017
2018-10-30 12:00:00,9996.629
2018-10-30 15:00:00,14907.778
2018-10-30 18:00:00,10754.82
2018-10-30 21:00:00,11627.019
2018-10-31 00:00:00,13342.007
2018-10-31 03:00:00,9386.281
2018-10-31 06:00:00,2420.4204
2018-10-31 09:00:00,8051.0747
2018-10-31 12:00:00,8273.563
2018-10-31 15:00:00,7754.134
2018-10-31 18:00:00,6055.9087
2018-10-31 21:00:00,11002.628
2018-11-01 00:00:00,11646.5625
2018-11-01 03:00:00,3620.2432
2018-11-01 06:00:00,1027.3837
2018-11-01 09:00:00,6709.538
2018-11-01 12:00:00,10128.678
2018-11-01 15:00:00,9954.657
2018-11-01 18:00:00,10228.944
2018-11-01 21:00:00,11222.077
2018-11-02 00:00:00,9782.848
2018-11-02 03:00:00,5639.288
2018-11-02 06:00:00,1405.1583
2018-11-02 09:00:00,8637.518
2018-11-02 12:00:00,11213.87
2018-11-02 15:00:00,9712.816
2018-11-02 18:00:00,8886.804
2018-11-02 21:00:00,7760.272
2018-11-03 00:00:00,7479.5493
2018-11-03 03:00:00,907.491
2018-11-03 06:00:00,3343.4287
2018-11-03 09:00:00,5292.256
2018-11-03 12:00:00,8668.037
2018-11-03 15:00:00,6067.235
2018-11-03 18:00:00,7392.7505
2018-11-03 21:00:00,8544.409
2018-11-04 00:00:00,9130.032
2018-11-04 03:00:00,798.9922
2018-11-04 06:00:00,-122.16954
2018-11-04 09:00:00,4566.2354
2018-11-04 12:00:00,4073.3494
2018-11-04 15:00:00,2082.679
2018-11-04 18:00:00,2295.0288
2018-11-04 21:00:00,5507.437
2018-11-05 00:00:00,6708.608
2018-11-05 03:00:00,4107.1523
2018-11-05 06:00:00,1767.4862
2018-11-05 09:00:00,5858.0483
2018-11-05 12:00:00,7539.7773
2018-11-05 15:00:00,6914.0635
2018-11-05 18:00:00,5606.496
2018-11-05 21:00:00,5799.219
2018-11-06 00:00:00,9968.375
2018-11-06 03:00:00,7765.201
2018-11-06 06:00:00,4267.6274
2018-11-06 09:00:00,9248.157
2018-11-06 12:00:00,10759.748
2018-11-06 15:00:00,8111.048
2018-11-06 18:00:00,9749.729
2018-11-06 21:00:00,11157.628
2018-11-07 00:00:00,12271.674
2018-11-07 03:00:00,6273.9956
2018-11-07 06:00:00,6710.971
2018-11-07 09:00:00,10311.757
2018-11-07 12:00:00,11726.725
2018-11-07 15:00:00,13189.264
2018-11-07 18:00:00,11269.523
2018-11-07 21:00:00,14653.671
2018-11-08 00:00:00,14398.248
2018-11-08 03:00:00,10942.579
2018-11-08 06:00:00,9565.644
2018-11-08 09:00:00,12738.313
2018-11-08 12:00:00,13698.179
2018-11-08 15:00:00,13805.9
2018-11-08 18:00:00,13596.477
2018-11-08 21:00:00,13602.951
2018-11-09 00:00:00,13548.208
2018-11-09 03:00:00,9122.114
2018-11-09 06:00:00,7208.1255
2018-11-09 09:00:00,10508.457
2018-11-09 12:00:00,11723.837
2018-11-09 15:00:00,9428.895
2018-11-09 18:00:00,9897.326
2018-11-09 21:00:00,10917.993
2018-11-10 00:00:00,13851.365
2018-11-10 03:00:00,9351.678
2018-11-10 06:00:00,7514.462
2018-11-10 09:00:00,10496.563
2018-11-10 12:00:00,12819.633
2018-11-10 15:00:00,11896.411
2018-11-10 18:00:00,11238.65
2018-11-10 21:00:00,11608.705
2018-11-11 00:00:00,11464.379
2018-11-11 03:00:00,8303.253
2018-11-11 06:00:00,6059.1294
2018-11-11 09:00:00,9732.061
2018-11-11 12:00:00,13645.1
2018-11-11 15:00:00,12107.276
2018-11-11 18:00:00,13606.751
2018-11-11 21:00:00,16808.297
2018-11-12 00:00:00,16562.395
2018-11-12 03:00:00,12410.327
2018-11-12 06:00:00,11306.966
2018-11-12 09:00:00,15344.932
2018-11-12 12:00:00,18239.105
2018-11-12 15:00:00,17215.953
2018-11-12 18:00:00,16895.525
2018-11-12 21:00:00,17327.479
2018-11-13 00:00:00,14724.091
2018-11-13 03:00:00,11291.516
2018-11-13 06:00:00,7220.2603
2018-11-13 09:00:00,14342.678
2018-11-13 12:00:00,15224.597
2018-11-13 15:00:00,13182.519
2018-11-13 18:00:00,14443.455
2018-11-13 21:00:00,15683.117
2018-11-14 00:00:00,13021.801
2018-11-14 03:00:00,10963.301
2018-11-14 06:00:00,7366.426
2018-11-14 09:00:00,13234.338
2018-11-14 12:00:00,13970.171
2018-11-14 15:00:00,13502.574
2018-11-14 18:00:00,14971.879
2018-11-14 21:00:00,13417.334
2018-11-15 00:00:00,13551.559
2018-11-15 03:00:00,13501.202
2018-11-15 06:00:00,11456.937
2018-11-15 09:00:00,13776.363
2018-11-15 12:00:00,16756.062
2018-11-15 15:00:00,13695.967
2018-11-15 18:00:00,15439.338
2018-11-15 21:00:00,16183.992
2018-11-16 00:00:00,16741.715
2018-11-16 03:00:00,13585.546
2018-11-16 06:00:00,8112.776
2018-11-16 09:00:00,14183.577
2018-11-16 12:00:00,15376.652
2018-11-16 15:00:00,16318.272
2018-11-16 18:00:00,15908.097
2018-11-16 21:00:00,15576.536
2018-11-17 00:00:00,15104.215
2018-11-17 03:00:00,11600.252
2018-11-17 06:00:00,10607.489
2018-11-17 09:00:00,12871.507
2018-11-17 12:00:00,13737.296
2018-11-17 15:00:00,14951.834
2018-11-17 18:00:00,14484.347
2018-11-17 21:00:00,14607.0625
2018-11-18 00:00:00,12781.394
2018-11-18 03:00:00,11071.935
2018-11-18 06:00:00,8690.617
2018-11-18 09:00:00,9542.262
2018-11-18 12:00:00,11545.701
2018-11-18 15:00:00,13078.087
2018-11-18 18:00:00,7695.835
2018-11-18 21:00:00,7251.6772
2018-11-19 00:00:00,9189.473
2018-11-19 03:00:00,3221.463
2018-11-19 06:00:00,1369.0056
2018-11-19 09:00:00,6471.728
2018-11-19 12:00:00,12089.872
2018-11-19 15:00:00,11687.737
2018-11-19 18:00:00,14358.718
2018-11-19 21:00:00,14779.872
2018-11-20 00:00:00,14819.38
2018-11-20 03:00:00,8339.255
2018-11-20 06:00:00,6438.9595
2018-11-20 09:00:00,7989.3877
2018-11-20 12:00:00,11620.921
2018-11-20 15:00:00,9381.853
2018-11-20 18:00:00,8851.035
2018-11-20 21:00:00,12071.7
2018-11-21 00:00:00,10665.302
2018-11-21 03:00:00,5832.5396
2018-11-21 06:00:00,6762.302
2018-11-21 09:00:00,9099.704
2018-11-21 12:00:00,10581.267
2018-11-21 15:00:00,10315.812
2018-11-21 18:00:00,12424.181
2018-11-21 21:00:00,14179.841
2018-11-22 00:00:00,14359.912
2018-11-22 03:00:00,11615.371
2018-11-22 06:00:00,10642.497
2018-11-22 09:00:00,14839.248
2018-11-22 12:00:00,15595.332
2018-11-22 15:00:00,15503.33
2018-11-22 18:00:00,13293.816
2018-11-22 21:00:00,18405.766
2018-11-23 00:00:00,14506.568
2018-11-23 03:00:00,7102.24
2018-11-23 06:00:00,7659.716
2018-11-23 09:00:00,9095.759
2018-11-23 12:00:00,12336.728
2018-11-23 15:00:00,9822.715
2018-11-23 18:00:00,8637.2
2018-11-23 21:00:00,14347.071
2018-11-24 00:00:00,14076.738
2018-11-24 03:00:00,9053.18
2018-11-24 06:00:00,5088.8433
2018-11-24 09:00:00,13773.991
2018-11-24 12:00:00,17328.379
2018-11-24 15:00:00,12620.975
2018-11-24 18:00:00,10864.777
2018-11-24 21:00:00,13345.528
2018-11-25 00:00:00,10144.561
2018-11-25 03:00:00,5392.7046
2018-11-25 06:00:00,1040.2169
2018-11-25 09:00:00,6918.989
2018-11-25 12:00:00,11744.341
2018-11-25 15:00:00,6623.4014
2018-11-25 18:00:00,9099.923
2018-11-25 21:00:00,8461.511
2018-11-26 00:00:00,9104.508
2018-11-26 03:00:00,3771.0852
2018-11-26 06:00:00,1576.9554
2018-11-26 09:00:00,3097.7542
2018-11-26 12:00:00,7259.221
2018-11-26 15:00:00,2258.009
2018-11-26 18:00:00,6390.6406
2018-11-26 21:00:00,11752.431
2018-11-27 00:00:00,9330.965
2018-11-27 03:00:00,4403.9575
2018-11-27 06:00:00,8970.885
2018-11-27 09:00:00,13165.682
2018-11-27 12:00:00,13653.486
2018-11-27 15:00:00,12240.173
2018-11-27 18:00:00,12795.964
2018-11-27 21:00:00,16838.852
2018-11-28 00:00:00,13349.456
2018-11-28 03:00:00,7620.6523
2018-11-28 06:00:00,8209.31
2018-11-28 09:00:00,11110.719
2018-11-28 12:00:00,13699.087
2018-11-28 15:00:00,16857.803
2018-11-28 18:00:00,14915.09
2018-11-28 21:00:00,15015.619
2018-11-29 00:00:00,13776.527
2018-11-29 03:00:00,5555.6216
2018-11-29 06:00:00,6197.983
2018-11-29 09:00:00,10545.946
2018-11-29 12:00:00,13392.795
2018-11-29 15:00:00,13304.287
2018-11-29 18:00:00,14828.274
2018-11-29 21:00:00,14717.643
2018-11-30 00:00:00,16105.153
2018-11-30 03:00:00,4559.44
2018-11-30 06:00:00,4282.1323
2018-11-30 09:00:00,9507.363
2018-11-30 12:00:00,7744.641
2018-11-30 15:00:00,11732.102
2018-11-30 18:00:00,8859.344
2018-11-30 21:00:00,13300.157
2018-12-01 00:00:00,9596.342
2018-12-01 03:00:00,3736.2363
2018-12-01 06:00:00,145.30878
2018-12-01 09:00:00,6923.624
2018-12-01 12:00:00,9490.378
2018-12-01 15:00:00,8471.133
2018-12-01 18:00:00,8405.334
2018-12-01 21:00:00,7262.628
2018-12-02 00:00:00,6714.608
2018-12-02 03:00:00,3203.163
2018-12-02 06:00:00,5214.354
2018-12-02 09:00:00,9678.203
2018-12-02 12:00:00,12124.103
2018-12-02 15:00:00,8515.161
2018-12-02 18:00:00,11169.872
2018-12-02 21:00:00,11538.12
2018-12-03 00:00:00,10131.829
2018-12-03 03:00:00,1179.7208
2018-12-03 06:00:00,-2570.8135
2018-12-03 09:00:00,5770.205
2018-12-03 12:00:00,9839.635
2018-12-03 15:00:00,9062.516
2018-12-03 18:00:00,7031.1963
2018-12-03 21:00:00,8113.68
2018-12-04 00:00:00,10776.063
2018-12-04 03:00:00,1715.5154
2018-12-04 06:00:00,1538.6195
2018-12-04 09:00:00,3655.9724
2018-12-04 12:00:00,7953.3506
2018-12-04 15:00:00,5412.299
2018-12-04 18:00:00,3857.089
2018-12-04 21:00:00,7649.7876
2018-12-05 00:00:00,8226.515
2018-12-05 03:00:00,5306.6235
2018-12-05 06:00:00,4856.0273
2018-12-05 09:00:00,7195.796
2018-12-05 12:00:00,8630.798
2018-12-05 15:00:00,7093.1245
2018-12-05 18:00:00,4568.2812
2018-12-05 21:00:00,9096.1875
2018-12-06 00:00:00,14932.873
2018-12-06 03:00:00,9517.621
2018-12-06 06:00:00,8174.4614
2018-12-06 09:00:00,12275.387
2018-12-06 12:00:00,13395.658
2018-12-06 15:00:00,11939.5205
2018-12-06 18:00:00,11749.845
2018-12-06 21:00:00,11908.375
2018-12-07 00:00:00,12971.653
2018-12-07 03:00:00,9513.676
2018-12-07 06:00:00,12583.924
2018-12-07 09:00:00,13702.014
2018-12-07 12:00:00,15467.479
2018-12-07 15:00:00,10222.186
2018-12-07 18:00:00,10866.828
2018-12-07 21:00:00,13121.576
2018-12-08 00:00:00,14101.639
2018-12-08 03:00:00,14568.47
2018-12-08 06:00:00,7837.087
2018-12-08 09:00:00,11710.942
2018-12-08 12:00:00,13316.103
2018-12-08 15:00:00,13408.604
2018-12-08 18:00:00,12611.564
2018-12-08 21:00:00,15118.768
2018-12-09 00:00:00,14983.912
2018-12-09 03:00:00,8855.127
2018-12-09 06:00:00,8624.621
2018-12-09 09:00:00,11305.985
2018-12-09 12:00:00,11093.757
2018-12-09 15:00:00,10366.201
2018-12-09 18:00:00,12593.786
2018-12-09 21:00:00,12586.845
2018-12-10 00:00:00,11268.665
2018-12-10 03:00:00,7348.672
2018-12-10 06:00:00,10161.803
2018-12-10 09:00:00,9847.406
2018-12-10 12:00:00,14751.326
2018-12-10 15:00:00,10559.858
2018-12-10 18:00:00,13195.104
2018-12-10 21:00:00,13356.575
2018-12-11 00:00:00,18556.295
2018-12-11 03:00:00,11273.171
2018-12-11 06:00:00,8938.909
2018-12-11 09:00:00,13746.012
2018-12-11 12:00:00,15777.893
2018-12-11 15:00:00,13698.87
2018-12-11 18:00:00,12035.362
2018-12-11 21:00:00,14825.252
2018-12-12 00:00:00,13476.834
2018-12-12 03:00:00,9093.359
2018-12-12 06:00:00,9867.245
2018-12-12 09:00:00,13750.164
2018-12-12 12:00:00,17312.514
2018-12-12 15:00:00,14647.07
2018-12-12 18:00:00,17091.352
2018-12-12 21:00:00,16096.92
2018-12-13 00:00:00,7917.0693
2018-12-13 03:00:00,3968.585
2018-12-13 06:00:00,2238.1016
2018-12-13 09:00:00,6627.4907
2018-12-13 12:00:00,9820.861
2018-12-13 15:00:00,9359.168
2018-12-13 18:00:00,7283.229
2018-12-13 21:00:00,11481.586
2018-12-14 00:00:00,4795.7007
2018-12-14 03:00:00,5220.916
2018-12-14 06:00:00,-521.72894
2018-12-14 09:00:00,3807.051
2018-12-14 12:00:00,8222.962
2018-12-14 15:00:00,11596.005
2018-12-14 18:00:00,12753.896
2018-12-14 21:00:00,18070.383
2018-12-15 00:00:00,17660.68
2018-12-15 03:00:00,11230.81
2018-12-15 06:00:00,5930.5264
2018-12-15 09:00:00,11559.557
2018-12-15 12:00:00,15057.553
2018-12-15 15:00:00,15629.62
2018-12-15 18:00:00,14147.718
2018-12-15 21:00:00,14112.379
2018-12-16 00:00:00,14188.284
2018-12-16 03:00:00,7968.58
2018-12-16 06:00:00,4483.8022
2018-12-16 09:00:00,11063.583
2018-12-16 12:00:00,14759.151
2018-12-16 15:00:00,7803.519
2018-12-16 18:00:00,9676.52
2018-12-16 21:00:00,14287.998
2018-12-17 00:00:00,10650.819
2018-12-17 03:00:00,10219.791
2018-12-17 06:00:00,10155.508
2018-12-17 09:00:00,13921.419
2018-12-17 12:00:00,15398.663
2018-12-17 15:00:00,13334.485
2018-12-17 18:00:00,15010.218
2018-12-17 21:00:00,14877.762
2018-12-18 00:00:00,13377.275
2018-12-18 03:00:00,6475.741
2018-12-18 06:00:00,4159.623
2018-12-18 09:00:00,10764.007
2018-12-18 12:00:00,16568.678
2018-12-18 15:00:00,13202.315
2018-12-18 18:00:00,14040.08
2018-12-18 21:00:00,15094.63
2018-12-19 00:00:00,14407.74
2018-12-19 03:00:00,8307.0205
2018-12-19 06:00:00,7263.279
2018-12-19 09:00:00,8322.861
2018-12-19 12:00:00,13378.157
2018-12-19 15:00:00,8152.543
2018-12-19 18:00:00,16331.102
2018-12-19 21:00:00,16780.074
2018-12-20 00:00:00,14652.209
2018-12-20 03:00:00,11092.584
2018-12-20 06:00:00,8281.423
2018-12-20 09:00:00,12415.887
2018-12-20 12:00:00,15428.348
2018-12-20 15:00:00,15599.487
2018-12-20 18:00:00,14212.058
2018-12-20 21:00:00,14406.704
2018-12-21 00:00:00,13561.535
2018-12-21 03:00:00,4980.447
2018-12-21 06:00:00,2307.7217
2018-12-21 09:00:00,11425.18
2018-12-21 12:00:00,14378.386
2018-12-21 15:00:00,14257.137
2018-12-21 18:00:00,14097.807
2018-12-21 21:00:00,15279.889
2018-12-22 00:00:00,17683.756
2018-12-22 03:00:00,10147.465
2018-12-22 06:00:00,11094.961
2018-12-22 09:00:00,13490.285
2018-12-22 12:00:00,16490.834
2018-12-22 15:00:00,14882.992
2018-12-22 18:00:00,15577.213
2018-12-22 21:00:00,15689.273
2018-12-23 00:00:00,16425.465
2018-12-23 03:00:00,8623.273
2018-12-23 06:00:00,7587.3223
2018-12-23 09:00:00,14395.254
2018-12-23 12:00:00,18818.832
2018-12-23 15:00:00,13455.003
2018-12-23 18:00:00,15942.676
2018-12-23 21:00:00,19064.168
2018-12-24 00:00:00,13722.364
2018-12-24 03:00:00,10431.291
2018-12-24 06:00:00,9431.498
2018-12-24 09:00:00,13883.092
2018-12-24 12:00:00,14076.309
2018-12-24 15:00:00,14409.367
2018-12-24 18:00:00,13492.622
2018-12-24 21:00:00,14789.973
2018-12-25 00:00:00,13718.302
2018-12-25 03:00:00,8147.4814
2018-12-25 06:00:00,8687.977
2018-12-25 09:00:00,11788.068
2018-12-25 12:00:00,14090.168
2018-12-25 15:00:00,13880.603
2018-12-25 18:00:00,14097.913
2018-12-25 21:00:00,14060.049
2018-12-26 00:00:00,13496.533
2018-12-26 03:00:00,9425.124
2018-12-26 06:00:00,6106.6436
2018-12-26 09:00:00,11940.763
2018-12-26 12:00:00,17172.617
2018-12-26 15:00:00,12678.028
2018-12-26 18:00:00,14096.463
2018-12-26 21:00:00,15681.977
2018-12-27 00:00:00,12788.363
2018-12-27 03:00:00,9361.53
2018-12-27 06:00:00,8439.442
2018-12-27 09:00:00,13292.97
2018-12-27 12:00:00,16030.551
2018-12-27 15:00:00,11293.996
2018-12-27 18:00:00,12753.896
2018-12-27 21:00:00,17315.926
2018-12-28 00:00:00,14734.002
2018-12-28 03:00:00,7870.7544
2018-12-28 06:00:00,3560.7075
2018-12-28 09:00:00,10777.816
2018-12-28 12:00:00,16211.688
2018-12-28 15:00:00,13490.547
2018-12-28 18:00:00,12756.859
2018-12-28 21:00:00,12584.799
2018-12-29 00:00:00,10037.934
2018-12-29 03:00:00,5900.4414
2018-12-29 06:00:00,3716.7827
2018-12-29 09:00:00,8245.549
2018-12-29 12:00:00,11980.261
2018-12-29 15:00:00,10755.874
2018-12-29 18:00:00,12118.052
2018-12-29 21:00:00,12371.911
2018-12-30 00:00:00,12549.65
2018-12-30 03:00:00,7765.757
2018-12-30 06:00:00,4362.654
2018-12-30 09:00:00,9280.061
2018-12-30 12:00:00,16621.854
2018-12-30 15:00:00,11091.667
2018-12-30 18:00:00,11598.949
2018-12-30 21:00:00,12942.268
2018-12-31 00:00:00,12886.144
2018-12-31 03:00:00,8876.936
2018-12-31 06:00:00,4949.253
2018-12-31 09:00:00,11533.623
2018-12-31 12:00:00,12673.239
2018-12-31 15:00:00,10341.256
2018-12-31 18:00:00,12208.41
2018-12-31 21:00:00,12519.829
